delete from qrtz_fired_triggers;
delete from qrtz_simple_triggers;
delete from qrtz_simprop_triggers;
delete from qrtz_cron_triggers;
delete from qrtz_blob_triggers;
delete from qrtz_triggers;
delete from qrtz_job_details;
delete from qrtz_calendars;
delete from qrtz_paused_trigger_grps;
delete from qrtz_locks;
delete from qrtz_scheduler_state;

delete from SYS_USER_ORGANIZATION;
delete from SYS_AUTHORITY;
delete from SYS_USER;
delete from SYS_CREDENTIAL_TYPE;
delete from SYS_CITY;
delete from SYS_GAME;
delete from SYS_PROVINCE;
delete from SYS_ORGANIZATION;
delete from SYS_ROLE_RESOURCE;
delete from SYS_RESOURCE;
delete from SYS_RESOURCE_TYPE;
delete from SYS_ROLE;
delete from SYS_USER_STATE;
delete from SYS_CHANNEL_BRAND;
delete from SYS_PERIOD_SALES_REPORT_TEMP;

--1、初始化身份类型表
Insert into SYS_CREDENTIAL_TYPE (ID,CODE,NAME) values (1,'10','身份证');
Insert into SYS_CREDENTIAL_TYPE (ID,CODE,NAME) values (2,'11','户口本');
Insert into SYS_CREDENTIAL_TYPE (ID,CODE,NAME) values (3,'15','临时身份证');
Insert into SYS_CREDENTIAL_TYPE (ID,CODE,NAME) values (4,'20','军官证');
Insert into SYS_CREDENTIAL_TYPE (ID,CODE,NAME) values (5,'21','武警警官证');
Insert into SYS_CREDENTIAL_TYPE (ID,CODE,NAME) values (6,'22','士兵证');
Insert into SYS_CREDENTIAL_TYPE (ID,CODE,NAME) values (7,'23','军队学员证');
Insert into SYS_CREDENTIAL_TYPE (ID,CODE,NAME) values (8,'24','军队文职干部证');
Insert into SYS_CREDENTIAL_TYPE (ID,CODE,NAME) values (9,'25','军队离退休干部证');
Insert into SYS_CREDENTIAL_TYPE (ID,CODE,NAME) values (10,'26','军队职工证');
Insert into SYS_CREDENTIAL_TYPE (ID,CODE,NAME) values (11,'30','护照');
Insert into SYS_CREDENTIAL_TYPE (ID,CODE,NAME) values (12,'40','港澳回乡证');
Insert into SYS_CREDENTIAL_TYPE (ID,CODE,NAME) values (13,'41','港澳通行证');
Insert into SYS_CREDENTIAL_TYPE (ID,CODE,NAME) values (14,'42','台湾来大陆通行证');
Insert into SYS_CREDENTIAL_TYPE (ID,CODE,NAME) values (15,'50','外国人居留证');
Insert into SYS_CREDENTIAL_TYPE (ID,CODE,NAME) values (16,'51','外国人出入境证');
Insert into SYS_CREDENTIAL_TYPE (ID,CODE,NAME) values (17,'52','外交官证');
Insert into SYS_CREDENTIAL_TYPE (ID,CODE,NAME) values (18,'53','领事馆证');
Insert into SYS_CREDENTIAL_TYPE (ID,CODE,NAME) values (19,'90','其他');

--2、初始化省中心表
Insert into SYS_PROVINCE (ID,PROVINCE_NO,PROVINCE_NAME,PROVINCE_FULL_NAME,PROVINCE_SHORT_NAME,ALPHABETIC_CODE,COUNTRY_ID,DEL_FLAG,DEL_TIME,SORT_ID,STATUS_CHANGE_TIME,STATUS_CODE) values (1,'00','总局体彩中心','国家体育总局体育彩票管理中心','总局中心','NDC',null,0,null,1,to_timestamp('17-9月 -13 10.02.07.000000000 下午','DD-MON-RR HH.MI.SSXFF AM'),'10');
Insert into SYS_PROVINCE (ID,PROVINCE_NO,PROVINCE_NAME,PROVINCE_FULL_NAME,PROVINCE_SHORT_NAME,ALPHABETIC_CODE,COUNTRY_ID,DEL_FLAG,DEL_TIME,SORT_ID,STATUS_CHANGE_TIME,STATUS_CODE) values (2,'11','北京','北京市','京','BJ',null,0,null,2,to_timestamp('17-9月 -13 10.02.07.000000000 下午','DD-MON-RR HH.MI.SSXFF AM'),'10');
Insert into SYS_PROVINCE (ID,PROVINCE_NO,PROVINCE_NAME,PROVINCE_FULL_NAME,PROVINCE_SHORT_NAME,ALPHABETIC_CODE,COUNTRY_ID,DEL_FLAG,DEL_TIME,SORT_ID,STATUS_CHANGE_TIME,STATUS_CODE) values (3,'12','天津','天津市','津','TJ',null,0,null,3,to_timestamp('17-9月 -13 10.02.07.000000000 下午','DD-MON-RR HH.MI.SSXFF AM'),'10');
Insert into SYS_PROVINCE (ID,PROVINCE_NO,PROVINCE_NAME,PROVINCE_FULL_NAME,PROVINCE_SHORT_NAME,ALPHABETIC_CODE,COUNTRY_ID,DEL_FLAG,DEL_TIME,SORT_ID,STATUS_CHANGE_TIME,STATUS_CODE) values (4,'13','河北','河北省','冀','HE',null,0,null,4,to_timestamp('17-9月 -13 10.02.07.000000000 下午','DD-MON-RR HH.MI.SSXFF AM'),'10');
Insert into SYS_PROVINCE (ID,PROVINCE_NO,PROVINCE_NAME,PROVINCE_FULL_NAME,PROVINCE_SHORT_NAME,ALPHABETIC_CODE,COUNTRY_ID,DEL_FLAG,DEL_TIME,SORT_ID,STATUS_CHANGE_TIME,STATUS_CODE) values (5,'14','山西','山西省','晋','SX',null,0,null,5,to_timestamp('17-9月 -13 10.02.07.000000000 下午','DD-MON-RR HH.MI.SSXFF AM'),'10');
Insert into SYS_PROVINCE (ID,PROVINCE_NO,PROVINCE_NAME,PROVINCE_FULL_NAME,PROVINCE_SHORT_NAME,ALPHABETIC_CODE,COUNTRY_ID,DEL_FLAG,DEL_TIME,SORT_ID,STATUS_CHANGE_TIME,STATUS_CODE) values (6,'15','内蒙','内蒙古自治区','蒙','NM',null,0,null,6,to_timestamp('17-9月 -13 10.02.07.000000000 下午','DD-MON-RR HH.MI.SSXFF AM'),'10');
Insert into SYS_PROVINCE (ID,PROVINCE_NO,PROVINCE_NAME,PROVINCE_FULL_NAME,PROVINCE_SHORT_NAME,ALPHABETIC_CODE,COUNTRY_ID,DEL_FLAG,DEL_TIME,SORT_ID,STATUS_CHANGE_TIME,STATUS_CODE) values (7,'21','辽宁','辽宁省','辽','LN',null,0,null,7,to_timestamp('17-9月 -13 10.02.07.000000000 下午','DD-MON-RR HH.MI.SSXFF AM'),'10');
Insert into SYS_PROVINCE (ID,PROVINCE_NO,PROVINCE_NAME,PROVINCE_FULL_NAME,PROVINCE_SHORT_NAME,ALPHABETIC_CODE,COUNTRY_ID,DEL_FLAG,DEL_TIME,SORT_ID,STATUS_CHANGE_TIME,STATUS_CODE) values (8,'22','吉林','吉林省','吉','JL',null,0,null,8,to_timestamp('17-9月 -13 10.02.07.000000000 下午','DD-MON-RR HH.MI.SSXFF AM'),'10');
Insert into SYS_PROVINCE (ID,PROVINCE_NO,PROVINCE_NAME,PROVINCE_FULL_NAME,PROVINCE_SHORT_NAME,ALPHABETIC_CODE,COUNTRY_ID,DEL_FLAG,DEL_TIME,SORT_ID,STATUS_CHANGE_TIME,STATUS_CODE) values (9,'23','黑龙江','黑龙江省','黑','HL',null,0,null,9,to_timestamp('17-9月 -13 10.02.07.000000000 下午','DD-MON-RR HH.MI.SSXFF AM'),'10');
Insert into SYS_PROVINCE (ID,PROVINCE_NO,PROVINCE_NAME,PROVINCE_FULL_NAME,PROVINCE_SHORT_NAME,ALPHABETIC_CODE,COUNTRY_ID,DEL_FLAG,DEL_TIME,SORT_ID,STATUS_CHANGE_TIME,STATUS_CODE) values (10,'31','上海','上海市','沪','SH',null,0,null,10,to_timestamp('17-9月 -13 10.02.07.000000000 下午','DD-MON-RR HH.MI.SSXFF AM'),'10');
Insert into SYS_PROVINCE (ID,PROVINCE_NO,PROVINCE_NAME,PROVINCE_FULL_NAME,PROVINCE_SHORT_NAME,ALPHABETIC_CODE,COUNTRY_ID,DEL_FLAG,DEL_TIME,SORT_ID,STATUS_CHANGE_TIME,STATUS_CODE) values (11,'32','江苏','江苏省','苏','JS',null,0,null,11,to_timestamp('17-9月 -13 10.02.07.000000000 下午','DD-MON-RR HH.MI.SSXFF AM'),'10');
Insert into SYS_PROVINCE (ID,PROVINCE_NO,PROVINCE_NAME,PROVINCE_FULL_NAME,PROVINCE_SHORT_NAME,ALPHABETIC_CODE,COUNTRY_ID,DEL_FLAG,DEL_TIME,SORT_ID,STATUS_CHANGE_TIME,STATUS_CODE) values (12,'33','浙江','浙江省','浙','ZJ',null,0,null,12,to_timestamp('17-9月 -13 10.02.07.000000000 下午','DD-MON-RR HH.MI.SSXFF AM'),'10');
Insert into SYS_PROVINCE (ID,PROVINCE_NO,PROVINCE_NAME,PROVINCE_FULL_NAME,PROVINCE_SHORT_NAME,ALPHABETIC_CODE,COUNTRY_ID,DEL_FLAG,DEL_TIME,SORT_ID,STATUS_CHANGE_TIME,STATUS_CODE) values (13,'34','安徽','安徽省','皖','AH',null,0,null,13,to_timestamp('17-9月 -13 10.02.07.000000000 下午','DD-MON-RR HH.MI.SSXFF AM'),'10');
Insert into SYS_PROVINCE (ID,PROVINCE_NO,PROVINCE_NAME,PROVINCE_FULL_NAME,PROVINCE_SHORT_NAME,ALPHABETIC_CODE,COUNTRY_ID,DEL_FLAG,DEL_TIME,SORT_ID,STATUS_CHANGE_TIME,STATUS_CODE) values (14,'35','福建','福建省','闽','FJ',null,0,null,14,to_timestamp('17-9月 -13 10.02.07.000000000 下午','DD-MON-RR HH.MI.SSXFF AM'),'10');
Insert into SYS_PROVINCE (ID,PROVINCE_NO,PROVINCE_NAME,PROVINCE_FULL_NAME,PROVINCE_SHORT_NAME,ALPHABETIC_CODE,COUNTRY_ID,DEL_FLAG,DEL_TIME,SORT_ID,STATUS_CHANGE_TIME,STATUS_CODE) values (15,'36','江西','江西省','赣','JX',null,0,null,15,to_timestamp('17-9月 -13 10.02.07.000000000 下午','DD-MON-RR HH.MI.SSXFF AM'),'10');
Insert into SYS_PROVINCE (ID,PROVINCE_NO,PROVINCE_NAME,PROVINCE_FULL_NAME,PROVINCE_SHORT_NAME,ALPHABETIC_CODE,COUNTRY_ID,DEL_FLAG,DEL_TIME,SORT_ID,STATUS_CHANGE_TIME,STATUS_CODE) values (16,'37','山东','山东省','鲁','SD',null,0,null,16,to_timestamp('17-9月 -13 10.02.07.000000000 下午','DD-MON-RR HH.MI.SSXFF AM'),'10');
Insert into SYS_PROVINCE (ID,PROVINCE_NO,PROVINCE_NAME,PROVINCE_FULL_NAME,PROVINCE_SHORT_NAME,ALPHABETIC_CODE,COUNTRY_ID,DEL_FLAG,DEL_TIME,SORT_ID,STATUS_CHANGE_TIME,STATUS_CODE) values (17,'41','河南','河南省','豫','HA',null,0,null,17,to_timestamp('17-9月 -13 10.02.07.000000000 下午','DD-MON-RR HH.MI.SSXFF AM'),'10');
Insert into SYS_PROVINCE (ID,PROVINCE_NO,PROVINCE_NAME,PROVINCE_FULL_NAME,PROVINCE_SHORT_NAME,ALPHABETIC_CODE,COUNTRY_ID,DEL_FLAG,DEL_TIME,SORT_ID,STATUS_CHANGE_TIME,STATUS_CODE) values (18,'42','湖北','湖北省','鄂','HB',null,0,null,18,to_timestamp('17-9月 -13 10.02.07.000000000 下午','DD-MON-RR HH.MI.SSXFF AM'),'10');
Insert into SYS_PROVINCE (ID,PROVINCE_NO,PROVINCE_NAME,PROVINCE_FULL_NAME,PROVINCE_SHORT_NAME,ALPHABETIC_CODE,COUNTRY_ID,DEL_FLAG,DEL_TIME,SORT_ID,STATUS_CHANGE_TIME,STATUS_CODE) values (19,'43','湖南','湖南省','湘','HN',null,0,null,19,to_timestamp('17-9月 -13 10.02.07.000000000 下午','DD-MON-RR HH.MI.SSXFF AM'),'10');
Insert into SYS_PROVINCE (ID,PROVINCE_NO,PROVINCE_NAME,PROVINCE_FULL_NAME,PROVINCE_SHORT_NAME,ALPHABETIC_CODE,COUNTRY_ID,DEL_FLAG,DEL_TIME,SORT_ID,STATUS_CHANGE_TIME,STATUS_CODE) values (20,'44','广东','广东省','粤','GD',null,0,null,20,to_timestamp('17-9月 -13 10.02.07.000000000 下午','DD-MON-RR HH.MI.SSXFF AM'),'10');
Insert into SYS_PROVINCE (ID,PROVINCE_NO,PROVINCE_NAME,PROVINCE_FULL_NAME,PROVINCE_SHORT_NAME,ALPHABETIC_CODE,COUNTRY_ID,DEL_FLAG,DEL_TIME,SORT_ID,STATUS_CHANGE_TIME,STATUS_CODE) values (21,'45','广西','广西壮族自治区','桂','GX',null,0,null,21,to_timestamp('17-9月 -13 10.02.07.000000000 下午','DD-MON-RR HH.MI.SSXFF AM'),'10');
Insert into SYS_PROVINCE (ID,PROVINCE_NO,PROVINCE_NAME,PROVINCE_FULL_NAME,PROVINCE_SHORT_NAME,ALPHABETIC_CODE,COUNTRY_ID,DEL_FLAG,DEL_TIME,SORT_ID,STATUS_CHANGE_TIME,STATUS_CODE) values (22,'46','海南','海南省','琼','HI',null,0,null,22,to_timestamp('17-9月 -13 10.02.07.000000000 下午','DD-MON-RR HH.MI.SSXFF AM'),'10');
Insert into SYS_PROVINCE (ID,PROVINCE_NO,PROVINCE_NAME,PROVINCE_FULL_NAME,PROVINCE_SHORT_NAME,ALPHABETIC_CODE,COUNTRY_ID,DEL_FLAG,DEL_TIME,SORT_ID,STATUS_CHANGE_TIME,STATUS_CODE) values (23,'50','重庆','重庆市','渝','CQ',null,0,null,23,to_timestamp('17-9月 -13 10.02.07.000000000 下午','DD-MON-RR HH.MI.SSXFF AM'),'10');
Insert into SYS_PROVINCE (ID,PROVINCE_NO,PROVINCE_NAME,PROVINCE_FULL_NAME,PROVINCE_SHORT_NAME,ALPHABETIC_CODE,COUNTRY_ID,DEL_FLAG,DEL_TIME,SORT_ID,STATUS_CHANGE_TIME,STATUS_CODE) values (24,'51','四川','四川省','川','SC',null,0,null,24,to_timestamp('17-9月 -13 10.02.07.000000000 下午','DD-MON-RR HH.MI.SSXFF AM'),'10');
Insert into SYS_PROVINCE (ID,PROVINCE_NO,PROVINCE_NAME,PROVINCE_FULL_NAME,PROVINCE_SHORT_NAME,ALPHABETIC_CODE,COUNTRY_ID,DEL_FLAG,DEL_TIME,SORT_ID,STATUS_CHANGE_TIME,STATUS_CODE) values (25,'52','贵州','贵州省','贵','GZ',null,0,null,25,to_timestamp('17-9月 -13 10.02.07.000000000 下午','DD-MON-RR HH.MI.SSXFF AM'),'10');
Insert into SYS_PROVINCE (ID,PROVINCE_NO,PROVINCE_NAME,PROVINCE_FULL_NAME,PROVINCE_SHORT_NAME,ALPHABETIC_CODE,COUNTRY_ID,DEL_FLAG,DEL_TIME,SORT_ID,STATUS_CHANGE_TIME,STATUS_CODE) values (26,'53','云南','云南省','云','YN',null,0,null,26,to_timestamp('17-9月 -13 10.02.07.000000000 下午','DD-MON-RR HH.MI.SSXFF AM'),'10');
Insert into SYS_PROVINCE (ID,PROVINCE_NO,PROVINCE_NAME,PROVINCE_FULL_NAME,PROVINCE_SHORT_NAME,ALPHABETIC_CODE,COUNTRY_ID,DEL_FLAG,DEL_TIME,SORT_ID,STATUS_CHANGE_TIME,STATUS_CODE) values (27,'61','陕西','陕西省','陕','SN',null,0,null,28,to_timestamp('17-9月 -13 10.02.07.000000000 下午','DD-MON-RR HH.MI.SSXFF AM'),'10');
Insert into SYS_PROVINCE (ID,PROVINCE_NO,PROVINCE_NAME,PROVINCE_FULL_NAME,PROVINCE_SHORT_NAME,ALPHABETIC_CODE,COUNTRY_ID,DEL_FLAG,DEL_TIME,SORT_ID,STATUS_CHANGE_TIME,STATUS_CODE) values (28,'62','甘肃','甘肃省','甘','GS',null,0,null,29,to_timestamp('17-9月 -13 10.02.07.000000000 下午','DD-MON-RR HH.MI.SSXFF AM'),'10');
Insert into SYS_PROVINCE (ID,PROVINCE_NO,PROVINCE_NAME,PROVINCE_FULL_NAME,PROVINCE_SHORT_NAME,ALPHABETIC_CODE,COUNTRY_ID,DEL_FLAG,DEL_TIME,SORT_ID,STATUS_CHANGE_TIME,STATUS_CODE) values (29,'63','青海','青海省','青','QH',null,0,null,30,to_timestamp('17-9月 -13 10.02.07.000000000 下午','DD-MON-RR HH.MI.SSXFF AM'),'10');
Insert into SYS_PROVINCE (ID,PROVINCE_NO,PROVINCE_NAME,PROVINCE_FULL_NAME,PROVINCE_SHORT_NAME,ALPHABETIC_CODE,COUNTRY_ID,DEL_FLAG,DEL_TIME,SORT_ID,STATUS_CHANGE_TIME,STATUS_CODE) values (30,'64','宁夏','宁夏回族自治区','宁','NX',null,0,null,31,to_timestamp('17-9月 -13 10.02.07.000000000 下午','DD-MON-RR HH.MI.SSXFF AM'),'10');
Insert into SYS_PROVINCE (ID,PROVINCE_NO,PROVINCE_NAME,PROVINCE_FULL_NAME,PROVINCE_SHORT_NAME,ALPHABETIC_CODE,COUNTRY_ID,DEL_FLAG,DEL_TIME,SORT_ID,STATUS_CHANGE_TIME,STATUS_CODE) values (31,'65','新疆','新疆维吾尔自治区','新','XJ',null,0,null,32,to_timestamp('17-9月 -13 10.02.07.000000000 下午','DD-MON-RR HH.MI.SSXFF AM'),'10');
Insert into SYS_PROVINCE (ID,PROVINCE_NO,PROVINCE_NAME,PROVINCE_FULL_NAME,PROVINCE_SHORT_NAME,ALPHABETIC_CODE,COUNTRY_ID,DEL_FLAG,DEL_TIME,SORT_ID,STATUS_CHANGE_TIME,STATUS_CODE) values (32,'54','西藏','西藏自治区','藏','XZ',null,0,null,27,to_timestamp('28-3月 -14 11.02.54.000000000 上午','DD-MON-RR HH.MI.SSXFF AM'),'10');

--3、初始化市中心表
Insert into SYS_CITY (ID,PROVINCE_ID,CITY_NO,CITY_NAME,CITY_SHORT_NAME,CITY_FULL_NAME,CAPITAL_FLAG,SORT_ID,STATUS_CHANGE_TIME,STATUS_CODE,DEL_FLAG,DEL_TIME) values (140,21,'4502','柳州',null,'柳州',null,20,to_timestamp('02-2月 -14 10.32.24.000000000 上午','DD-MON-RR HH.MI.SSXFF AM'),10,0,null);
Insert into SYS_CITY (ID,PROVINCE_ID,CITY_NO,CITY_NAME,CITY_SHORT_NAME,CITY_FULL_NAME,CAPITAL_FLAG,SORT_ID,STATUS_CHANGE_TIME,STATUS_CODE,DEL_FLAG,DEL_TIME) values (141,21,'4500','南宁',null,'南宁',null,10,to_timestamp('02-2月 -14 10.32.24.000000000 上午','DD-MON-RR HH.MI.SSXFF AM'),10,0,null);
Insert into SYS_CITY (ID,PROVINCE_ID,CITY_NO,CITY_NAME,CITY_SHORT_NAME,CITY_FULL_NAME,CAPITAL_FLAG,SORT_ID,STATUS_CHANGE_TIME,STATUS_CODE,DEL_FLAG,DEL_TIME) values (142,21,'4506','梧州',null,'梧州',null,60,to_timestamp('02-2月 -14 10.32.24.000000000 上午','DD-MON-RR HH.MI.SSXFF AM'),10,0,null);
Insert into SYS_CITY (ID,PROVINCE_ID,CITY_NO,CITY_NAME,CITY_SHORT_NAME,CITY_FULL_NAME,CAPITAL_FLAG,SORT_ID,STATUS_CHANGE_TIME,STATUS_CODE,DEL_FLAG,DEL_TIME) values (143,21,'4512','百色',null,'百色',null,120,to_timestamp('02-2月 -14 10.32.24.000000000 上午','DD-MON-RR HH.MI.SSXFF AM'),10,0,null);
Insert into SYS_CITY (ID,PROVINCE_ID,CITY_NO,CITY_NAME,CITY_SHORT_NAME,CITY_FULL_NAME,CAPITAL_FLAG,SORT_ID,STATUS_CHANGE_TIME,STATUS_CODE,DEL_FLAG,DEL_TIME) values (144,21,'4508','钦州',null,'钦州',null,80,to_timestamp('02-2月 -14 10.32.24.000000000 上午','DD-MON-RR HH.MI.SSXFF AM'),10,0,null);
Insert into SYS_CITY (ID,PROVINCE_ID,CITY_NO,CITY_NAME,CITY_SHORT_NAME,CITY_FULL_NAME,CAPITAL_FLAG,SORT_ID,STATUS_CHANGE_TIME,STATUS_CODE,DEL_FLAG,DEL_TIME) values (145,21,'4509','北海',null,'北海',null,90,to_timestamp('02-2月 -14 10.32.24.000000000 上午','DD-MON-RR HH.MI.SSXFF AM'),10,0,null);
Insert into SYS_CITY (ID,PROVINCE_ID,CITY_NO,CITY_NAME,CITY_SHORT_NAME,CITY_FULL_NAME,CAPITAL_FLAG,SORT_ID,STATUS_CHANGE_TIME,STATUS_CODE,DEL_FLAG,DEL_TIME) values (146,21,'4507','贵港',null,'贵港',null,70,to_timestamp('02-2月 -14 10.32.24.000000000 上午','DD-MON-RR HH.MI.SSXFF AM'),10,0,null);
Insert into SYS_CITY (ID,PROVINCE_ID,CITY_NO,CITY_NAME,CITY_SHORT_NAME,CITY_FULL_NAME,CAPITAL_FLAG,SORT_ID,STATUS_CHANGE_TIME,STATUS_CODE,DEL_FLAG,DEL_TIME) values (147,21,'4511','河池',null,'河池',null,110,to_timestamp('02-2月 -14 10.32.24.000000000 上午','DD-MON-RR HH.MI.SSXFF AM'),10,0,null);
Insert into SYS_CITY (ID,PROVINCE_ID,CITY_NO,CITY_NAME,CITY_SHORT_NAME,CITY_FULL_NAME,CAPITAL_FLAG,SORT_ID,STATUS_CHANGE_TIME,STATUS_CODE,DEL_FLAG,DEL_TIME) values (148,21,'4505','玉林',null,'玉林',null,50,to_timestamp('02-2月 -14 10.32.24.000000000 上午','DD-MON-RR HH.MI.SSXFF AM'),10,0,null);
Insert into SYS_CITY (ID,PROVINCE_ID,CITY_NO,CITY_NAME,CITY_SHORT_NAME,CITY_FULL_NAME,CAPITAL_FLAG,SORT_ID,STATUS_CHANGE_TIME,STATUS_CODE,DEL_FLAG,DEL_TIME) values (149,21,'4510','防城港',null,'防城港',null,100,to_timestamp('02-2月 -14 10.32.24.000000000 上午','DD-MON-RR HH.MI.SSXFF AM'),10,0,null);
Insert into SYS_CITY (ID,PROVINCE_ID,CITY_NO,CITY_NAME,CITY_SHORT_NAME,CITY_FULL_NAME,CAPITAL_FLAG,SORT_ID,STATUS_CHANGE_TIME,STATUS_CODE,DEL_FLAG,DEL_TIME) values (150,21,'4504','区中心',null,'区中心',null,40,to_timestamp('02-2月 -14 10.32.24.000000000 上午','DD-MON-RR HH.MI.SSXFF AM'),10,0,null);
Insert into SYS_CITY (ID,PROVINCE_ID,CITY_NO,CITY_NAME,CITY_SHORT_NAME,CITY_FULL_NAME,CAPITAL_FLAG,SORT_ID,STATUS_CHANGE_TIME,STATUS_CODE,DEL_FLAG,DEL_TIME) values (151,25,'5204','黔南州',null,'黔南州',null,40,to_timestamp('03-2月 -14 10.10.18.000000000 上午','DD-MON-RR HH.MI.SSXFF AM'),10,0,null);
Insert into SYS_CITY (ID,PROVINCE_ID,CITY_NO,CITY_NAME,CITY_SHORT_NAME,CITY_FULL_NAME,CAPITAL_FLAG,SORT_ID,STATUS_CHANGE_TIME,STATUS_CODE,DEL_FLAG,DEL_TIME) values (152,25,'5209','黔西南',null,'黔西南',null,90,to_timestamp('03-2月 -14 10.10.18.000000000 上午','DD-MON-RR HH.MI.SSXFF AM'),10,0,null);
Insert into SYS_CITY (ID,PROVINCE_ID,CITY_NO,CITY_NAME,CITY_SHORT_NAME,CITY_FULL_NAME,CAPITAL_FLAG,SORT_ID,STATUS_CHANGE_TIME,STATUS_CODE,DEL_FLAG,DEL_TIME) values (153,25,'5203','安顺',null,'安顺',null,215,to_timestamp('24-7月 -15 12.52.27.000000000 上午','DD-MON-RR HH.MI.SSXFF AM'),10,0,null);
Insert into SYS_CITY (ID,PROVINCE_ID,CITY_NO,CITY_NAME,CITY_SHORT_NAME,CITY_FULL_NAME,CAPITAL_FLAG,SORT_ID,STATUS_CHANGE_TIME,STATUS_CODE,DEL_FLAG,DEL_TIME) values (154,25,'5201','贵阳',null,'贵阳',null,15,to_timestamp('24-7月 -15 12.33.34.000000000 上午','DD-MON-RR HH.MI.SSXFF AM'),10,0,null);
Insert into SYS_CITY (ID,PROVINCE_ID,CITY_NO,CITY_NAME,CITY_SHORT_NAME,CITY_FULL_NAME,CAPITAL_FLAG,SORT_ID,STATUS_CHANGE_TIME,STATUS_CODE,DEL_FLAG,DEL_TIME) values (155,25,'5206','铜仁',null,'铜仁',null,60,to_timestamp('03-2月 -14 10.10.18.000000000 上午','DD-MON-RR HH.MI.SSXFF AM'),10,0,null);
Insert into SYS_CITY (ID,PROVINCE_ID,CITY_NO,CITY_NAME,CITY_SHORT_NAME,CITY_FULL_NAME,CAPITAL_FLAG,SORT_ID,STATUS_CHANGE_TIME,STATUS_CODE,DEL_FLAG,DEL_TIME) values (156,25,'5202','遵义',null,'遵义',null,115,to_timestamp('24-7月 -15 01.02.52.000000000 上午','DD-MON-RR HH.MI.SSXFF AM'),10,0,null);
Insert into SYS_CITY (ID,PROVINCE_ID,CITY_NO,CITY_NAME,CITY_SHORT_NAME,CITY_FULL_NAME,CAPITAL_FLAG,SORT_ID,STATUS_CHANGE_TIME,STATUS_CODE,DEL_FLAG,DEL_TIME) values (157,25,'5208','六盘水',null,'六盘水',null,80,to_timestamp('03-2月 -14 10.10.18.000000000 上午','DD-MON-RR HH.MI.SSXFF AM'),10,0,null);
Insert into SYS_CITY (ID,PROVINCE_ID,CITY_NO,CITY_NAME,CITY_SHORT_NAME,CITY_FULL_NAME,CAPITAL_FLAG,SORT_ID,STATUS_CHANGE_TIME,STATUS_CODE,DEL_FLAG,DEL_TIME) values (158,25,'5207','毕节',null,'毕节',null,70,to_timestamp('03-2月 -14 10.10.18.000000000 上午','DD-MON-RR HH.MI.SSXFF AM'),10,0,null);
Insert into SYS_CITY (ID,PROVINCE_ID,CITY_NO,CITY_NAME,CITY_SHORT_NAME,CITY_FULL_NAME,CAPITAL_FLAG,SORT_ID,STATUS_CHANGE_TIME,STATUS_CODE,DEL_FLAG,DEL_TIME) values (159,25,'5205','黔东南',null,'黔东南',null,50,to_timestamp('03-2月 -14 10.10.18.000000000 上午','DD-MON-RR HH.MI.SSXFF AM'),10,0,null);
Insert into SYS_CITY (ID,PROVINCE_ID,CITY_NO,CITY_NAME,CITY_SHORT_NAME,CITY_FULL_NAME,CAPITAL_FLAG,SORT_ID,STATUS_CHANGE_TIME,STATUS_CODE,DEL_FLAG,DEL_TIME) values (160,27,'6121','汉中',null,'汉中',null,110,to_timestamp('14-1月 -14 12.40.15.000000000 上午','DD-MON-RR HH.MI.SSXFF AM'),10,0,null);
Insert into SYS_CITY (ID,PROVINCE_ID,CITY_NO,CITY_NAME,CITY_SHORT_NAME,CITY_FULL_NAME,CAPITAL_FLAG,SORT_ID,STATUS_CHANGE_TIME,STATUS_CODE,DEL_FLAG,DEL_TIME) values (161,27,'6113','宝鸡',null,'宝鸡',null,70,to_timestamp('14-1月 -14 12.40.15.000000000 上午','DD-MON-RR HH.MI.SSXFF AM'),10,0,null);
Insert into SYS_CITY (ID,PROVINCE_ID,CITY_NO,CITY_NAME,CITY_SHORT_NAME,CITY_FULL_NAME,CAPITAL_FLAG,SORT_ID,STATUS_CHANGE_TIME,STATUS_CODE,DEL_FLAG,DEL_TIME) values (162,27,'6101','西安',null,'西安',null,10,to_timestamp('14-1月 -14 12.40.15.000000000 上午','DD-MON-RR HH.MI.SSXFF AM'),10,0,null);
Insert into SYS_CITY (ID,PROVINCE_ID,CITY_NO,CITY_NAME,CITY_SHORT_NAME,CITY_FULL_NAME,CAPITAL_FLAG,SORT_ID,STATUS_CHANGE_TIME,STATUS_CODE,DEL_FLAG,DEL_TIME) values (163,27,'6127','榆林',null,'榆林',null,130,to_timestamp('14-1月 -14 12.40.15.000000000 上午','DD-MON-RR HH.MI.SSXFF AM'),10,0,null);
Insert into SYS_CITY (ID,PROVINCE_ID,CITY_NO,CITY_NAME,CITY_SHORT_NAME,CITY_FULL_NAME,CAPITAL_FLAG,SORT_ID,STATUS_CHANGE_TIME,STATUS_CODE,DEL_FLAG,DEL_TIME) values (164,27,'6106','杨凌',null,'杨凌',null,225,to_timestamp('30-10月-15 10.24.13.000000000 上午','DD-MON-RR HH.MI.SSXFF AM'),10,0,null);
Insert into SYS_CITY (ID,PROVINCE_ID,CITY_NO,CITY_NAME,CITY_SHORT_NAME,CITY_FULL_NAME,CAPITAL_FLAG,SORT_ID,STATUS_CHANGE_TIME,STATUS_CODE,DEL_FLAG,DEL_TIME) values (165,27,'6119','安康',null,'安康',null,100,to_timestamp('14-1月 -14 12.40.15.000000000 上午','DD-MON-RR HH.MI.SSXFF AM'),10,0,null);
Insert into SYS_CITY (ID,PROVINCE_ID,CITY_NO,CITY_NAME,CITY_SHORT_NAME,CITY_FULL_NAME,CAPITAL_FLAG,SORT_ID,STATUS_CHANGE_TIME,STATUS_CODE,DEL_FLAG,DEL_TIME) values (166,27,'6110','渭南',null,'渭南',null,60,to_timestamp('14-1月 -14 12.40.15.000000000 上午','DD-MON-RR HH.MI.SSXFF AM'),10,0,null);
Insert into SYS_CITY (ID,PROVINCE_ID,CITY_NO,CITY_NAME,CITY_SHORT_NAME,CITY_FULL_NAME,CAPITAL_FLAG,SORT_ID,STATUS_CHANGE_TIME,STATUS_CODE,DEL_FLAG,DEL_TIME) values (167,27,'6124','延安',null,'延安',null,120,to_timestamp('14-1月 -14 12.40.15.000000000 上午','DD-MON-RR HH.MI.SSXFF AM'),10,0,null);
Insert into SYS_CITY (ID,PROVINCE_ID,CITY_NO,CITY_NAME,CITY_SHORT_NAME,CITY_FULL_NAME,CAPITAL_FLAG,SORT_ID,STATUS_CHANGE_TIME,STATUS_CODE,DEL_FLAG,DEL_TIME) values (168,27,'6116','铜川',null,'铜川',null,80,to_timestamp('14-1月 -14 12.40.15.000000000 上午','DD-MON-RR HH.MI.SSXFF AM'),10,0,null);
Insert into SYS_CITY (ID,PROVINCE_ID,CITY_NO,CITY_NAME,CITY_SHORT_NAME,CITY_FULL_NAME,CAPITAL_FLAG,SORT_ID,STATUS_CHANGE_TIME,STATUS_CODE,DEL_FLAG,DEL_TIME) values (169,27,'6117','商洛',null,'商洛',null,90,to_timestamp('14-1月 -14 12.40.15.000000000 上午','DD-MON-RR HH.MI.SSXFF AM'),10,0,null);
Insert into SYS_CITY (ID,PROVINCE_ID,CITY_NO,CITY_NAME,CITY_SHORT_NAME,CITY_FULL_NAME,CAPITAL_FLAG,SORT_ID,STATUS_CHANGE_TIME,STATUS_CODE,DEL_FLAG,DEL_TIME) values (170,27,'6107','咸阳',null,'咸阳',null,50,to_timestamp('14-1月 -14 12.40.15.000000000 上午','DD-MON-RR HH.MI.SSXFF AM'),10,0,null);
Insert into SYS_CITY (ID,PROVINCE_ID,CITY_NO,CITY_NAME,CITY_SHORT_NAME,CITY_FULL_NAME,CAPITAL_FLAG,SORT_ID,STATUS_CHANGE_TIME,STATUS_CODE,DEL_FLAG,DEL_TIME) values (171,28,'6203','嘉峪关',null,'嘉峪关',null,126,to_timestamp('17-2月 -16 01.15.47.000000000 下午','DD-MON-RR HH.MI.SSXFF AM'),10,0,null);
Insert into SYS_CITY (ID,PROVINCE_ID,CITY_NO,CITY_NAME,CITY_SHORT_NAME,CITY_FULL_NAME,CAPITAL_FLAG,SORT_ID,STATUS_CHANGE_TIME,STATUS_CODE,DEL_FLAG,DEL_TIME) values (172,28,'6206','金昌',null,'金昌',null,426,to_timestamp('17-2月 -16 01.16.16.000000000 下午','DD-MON-RR HH.MI.SSXFF AM'),10,0,null);
Insert into SYS_CITY (ID,PROVINCE_ID,CITY_NO,CITY_NAME,CITY_SHORT_NAME,CITY_FULL_NAME,CAPITAL_FLAG,SORT_ID,STATUS_CHANGE_TIME,STATUS_CODE,DEL_FLAG,DEL_TIME) values (173,28,'6208','白银',null,'白银',null,626,to_timestamp('17-2月 -16 01.16.35.000000000 下午','DD-MON-RR HH.MI.SSXFF AM'),10,0,null);
Insert into SYS_CITY (ID,PROVINCE_ID,CITY_NO,CITY_NAME,CITY_SHORT_NAME,CITY_FULL_NAME,CAPITAL_FLAG,SORT_ID,STATUS_CHANGE_TIME,STATUS_CODE,DEL_FLAG,DEL_TIME) values (174,28,'6210','临夏',null,'临夏',null,826,to_timestamp('17-2月 -16 01.16.59.000000000 下午','DD-MON-RR HH.MI.SSXFF AM'),10,0,null);
Insert into SYS_CITY (ID,PROVINCE_ID,CITY_NO,CITY_NAME,CITY_SHORT_NAME,CITY_FULL_NAME,CAPITAL_FLAG,SORT_ID,STATUS_CHANGE_TIME,STATUS_CODE,DEL_FLAG,DEL_TIME) values (175,28,'6216','甘肃矿区',null,'甘肃矿区',null,1526,to_timestamp('03-1月 -17 11.12.31.000000000 上午','DD-MON-RR HH.MI.SSXFF AM'),10,0,null);
Insert into SYS_CITY (ID,PROVINCE_ID,CITY_NO,CITY_NAME,CITY_SHORT_NAME,CITY_FULL_NAME,CAPITAL_FLAG,SORT_ID,STATUS_CHANGE_TIME,STATUS_CODE,DEL_FLAG,DEL_TIME) values (176,28,'6214','庆阳',null,'庆阳',null,1226,to_timestamp('17-2月 -16 01.17.35.000000000 下午','DD-MON-RR HH.MI.SSXFF AM'),10,0,null);
Insert into SYS_CITY (ID,PROVINCE_ID,CITY_NO,CITY_NAME,CITY_SHORT_NAME,CITY_FULL_NAME,CAPITAL_FLAG,SORT_ID,STATUS_CHANGE_TIME,STATUS_CODE,DEL_FLAG,DEL_TIME) values (177,28,'6204','酒泉',null,'酒泉',null,226,to_timestamp('17-2月 -16 01.15.57.000000000 下午','DD-MON-RR HH.MI.SSXFF AM'),10,0,null);
Insert into SYS_CITY (ID,PROVINCE_ID,CITY_NO,CITY_NAME,CITY_SHORT_NAME,CITY_FULL_NAME,CAPITAL_FLAG,SORT_ID,STATUS_CHANGE_TIME,STATUS_CODE,DEL_FLAG,DEL_TIME) values (178,28,'6213','平凉',null,'平凉',null,1126,to_timestamp('17-2月 -16 01.17.27.000000000 下午','DD-MON-RR HH.MI.SSXFF AM'),10,0,null);
Insert into SYS_CITY (ID,PROVINCE_ID,CITY_NO,CITY_NAME,CITY_SHORT_NAME,CITY_FULL_NAME,CAPITAL_FLAG,SORT_ID,STATUS_CHANGE_TIME,STATUS_CODE,DEL_FLAG,DEL_TIME) values (179,28,'6211','天水',null,'天水',null,926,to_timestamp('17-2月 -16 01.17.10.000000000 下午','DD-MON-RR HH.MI.SSXFF AM'),10,0,null);
Insert into SYS_CITY (ID,PROVINCE_ID,CITY_NO,CITY_NAME,CITY_SHORT_NAME,CITY_FULL_NAME,CAPITAL_FLAG,SORT_ID,STATUS_CHANGE_TIME,STATUS_CODE,DEL_FLAG,DEL_TIME) values (180,28,'6201','兰州',null,'兰州',null,26,to_timestamp('17-2月 -16 01.15.38.000000000 下午','DD-MON-RR HH.MI.SSXFF AM'),10,0,null);
Insert into SYS_CITY (ID,PROVINCE_ID,CITY_NO,CITY_NAME,CITY_SHORT_NAME,CITY_FULL_NAME,CAPITAL_FLAG,SORT_ID,STATUS_CHANGE_TIME,STATUS_CODE,DEL_FLAG,DEL_TIME) values (181,28,'6207','武威',null,'武威',null,526,to_timestamp('17-2月 -16 01.16.26.000000000 下午','DD-MON-RR HH.MI.SSXFF AM'),10,0,null);
Insert into SYS_CITY (ID,PROVINCE_ID,CITY_NO,CITY_NAME,CITY_SHORT_NAME,CITY_FULL_NAME,CAPITAL_FLAG,SORT_ID,STATUS_CHANGE_TIME,STATUS_CODE,DEL_FLAG,DEL_TIME) values (182,28,'6218','省中心',null,'省中心',null,2126,to_timestamp('16-2月 -16 04.48.53.000000000 下午','DD-MON-RR HH.MI.SSXFF AM'),10,0,null);
Insert into SYS_CITY (ID,PROVINCE_ID,CITY_NO,CITY_NAME,CITY_SHORT_NAME,CITY_FULL_NAME,CAPITAL_FLAG,SORT_ID,STATUS_CHANGE_TIME,STATUS_CODE,DEL_FLAG,DEL_TIME) values (183,28,'6212','陇南',null,'陇南',null,1026,to_timestamp('17-2月 -16 01.17.18.000000000 下午','DD-MON-RR HH.MI.SSXFF AM'),10,0,null);
Insert into SYS_CITY (ID,PROVINCE_ID,CITY_NO,CITY_NAME,CITY_SHORT_NAME,CITY_FULL_NAME,CAPITAL_FLAG,SORT_ID,STATUS_CHANGE_TIME,STATUS_CODE,DEL_FLAG,DEL_TIME) values (184,28,'6205','张掖',null,'张掖',null,326,to_timestamp('17-2月 -16 01.16.07.000000000 下午','DD-MON-RR HH.MI.SSXFF AM'),10,0,null);
Insert into SYS_CITY (ID,PROVINCE_ID,CITY_NO,CITY_NAME,CITY_SHORT_NAME,CITY_FULL_NAME,CAPITAL_FLAG,SORT_ID,STATUS_CHANGE_TIME,STATUS_CODE,DEL_FLAG,DEL_TIME) values (185,29,'6305','西宁市三县',null,'西宁市三县',null,50,to_timestamp('05-2月 -14 09.49.01.000000000 上午','DD-MON-RR HH.MI.SSXFF AM'),10,0,null);
Insert into SYS_CITY (ID,PROVINCE_ID,CITY_NO,CITY_NAME,CITY_SHORT_NAME,CITY_FULL_NAME,CAPITAL_FLAG,SORT_ID,STATUS_CHANGE_TIME,STATUS_CODE,DEL_FLAG,DEL_TIME) values (186,29,'6313','玉树州',null,'玉树州',null,130,to_timestamp('05-2月 -14 09.49.01.000000000 上午','DD-MON-RR HH.MI.SSXFF AM'),10,0,null);
Insert into SYS_CITY (ID,PROVINCE_ID,CITY_NO,CITY_NAME,CITY_SHORT_NAME,CITY_FULL_NAME,CAPITAL_FLAG,SORT_ID,STATUS_CHANGE_TIME,STATUS_CODE,DEL_FLAG,DEL_TIME) values (187,11,'3202','无锡',null,'无锡',null,20,to_timestamp('05-4月 -14 01.18.05.000000000 上午','DD-MON-RR HH.MI.SSXFF AM'),10,0,null);
Insert into SYS_CITY (ID,PROVINCE_ID,CITY_NO,CITY_NAME,CITY_SHORT_NAME,CITY_FULL_NAME,CAPITAL_FLAG,SORT_ID,STATUS_CHANGE_TIME,STATUS_CODE,DEL_FLAG,DEL_TIME) values (188,11,'3213','宿迁',null,'宿迁',null,130,to_timestamp('05-4月 -14 01.18.05.000000000 上午','DD-MON-RR HH.MI.SSXFF AM'),10,0,null);
Insert into SYS_CITY (ID,PROVINCE_ID,CITY_NO,CITY_NAME,CITY_SHORT_NAME,CITY_FULL_NAME,CAPITAL_FLAG,SORT_ID,STATUS_CHANGE_TIME,STATUS_CODE,DEL_FLAG,DEL_TIME) values (189,11,'3207','连云港',null,'连云港',null,70,to_timestamp('05-4月 -14 01.18.05.000000000 上午','DD-MON-RR HH.MI.SSXFF AM'),10,0,null);
Insert into SYS_CITY (ID,PROVINCE_ID,CITY_NO,CITY_NAME,CITY_SHORT_NAME,CITY_FULL_NAME,CAPITAL_FLAG,SORT_ID,STATUS_CHANGE_TIME,STATUS_CODE,DEL_FLAG,DEL_TIME) values (190,11,'3206','南通',null,'南通',null,60,to_timestamp('05-4月 -14 01.18.05.000000000 上午','DD-MON-RR HH.MI.SSXFF AM'),10,0,null);
Insert into SYS_CITY (ID,PROVINCE_ID,CITY_NO,CITY_NAME,CITY_SHORT_NAME,CITY_FULL_NAME,CAPITAL_FLAG,SORT_ID,STATUS_CHANGE_TIME,STATUS_CODE,DEL_FLAG,DEL_TIME) values (191,11,'3205','苏州',null,'苏州',null,50,to_timestamp('05-4月 -14 01.18.05.000000000 上午','DD-MON-RR HH.MI.SSXFF AM'),10,0,null);
Insert into SYS_CITY (ID,PROVINCE_ID,CITY_NO,CITY_NAME,CITY_SHORT_NAME,CITY_FULL_NAME,CAPITAL_FLAG,SORT_ID,STATUS_CHANGE_TIME,STATUS_CODE,DEL_FLAG,DEL_TIME) values (192,11,'3210','扬州',null,'扬州',null,100,to_timestamp('05-4月 -14 01.18.05.000000000 上午','DD-MON-RR HH.MI.SSXFF AM'),10,0,null);
Insert into SYS_CITY (ID,PROVINCE_ID,CITY_NO,CITY_NAME,CITY_SHORT_NAME,CITY_FULL_NAME,CAPITAL_FLAG,SORT_ID,STATUS_CHANGE_TIME,STATUS_CODE,DEL_FLAG,DEL_TIME) values (193,11,'3209','盐城',null,'盐城',null,90,to_timestamp('05-4月 -14 01.18.05.000000000 上午','DD-MON-RR HH.MI.SSXFF AM'),10,0,null);
Insert into SYS_CITY (ID,PROVINCE_ID,CITY_NO,CITY_NAME,CITY_SHORT_NAME,CITY_FULL_NAME,CAPITAL_FLAG,SORT_ID,STATUS_CHANGE_TIME,STATUS_CODE,DEL_FLAG,DEL_TIME) values (194,11,'3203','徐州',null,'徐州',null,30,to_timestamp('05-4月 -14 01.18.05.000000000 上午','DD-MON-RR HH.MI.SSXFF AM'),10,0,null);
Insert into SYS_CITY (ID,PROVINCE_ID,CITY_NO,CITY_NAME,CITY_SHORT_NAME,CITY_FULL_NAME,CAPITAL_FLAG,SORT_ID,STATUS_CHANGE_TIME,STATUS_CODE,DEL_FLAG,DEL_TIME) values (195,11,'3211','镇江',null,'镇江',null,110,to_timestamp('05-4月 -14 01.18.05.000000000 上午','DD-MON-RR HH.MI.SSXFF AM'),10,0,null);
Insert into SYS_CITY (ID,PROVINCE_ID,CITY_NO,CITY_NAME,CITY_SHORT_NAME,CITY_FULL_NAME,CAPITAL_FLAG,SORT_ID,STATUS_CHANGE_TIME,STATUS_CODE,DEL_FLAG,DEL_TIME) values (196,11,'3201','南京',null,'南京',null,10,to_timestamp('05-4月 -14 01.18.05.000000000 上午','DD-MON-RR HH.MI.SSXFF AM'),10,0,null);
Insert into SYS_CITY (ID,PROVINCE_ID,CITY_NO,CITY_NAME,CITY_SHORT_NAME,CITY_FULL_NAME,CAPITAL_FLAG,SORT_ID,STATUS_CHANGE_TIME,STATUS_CODE,DEL_FLAG,DEL_TIME) values (197,11,'3208','淮安',null,'淮安',null,80,to_timestamp('05-4月 -14 01.18.05.000000000 上午','DD-MON-RR HH.MI.SSXFF AM'),10,0,null);
Insert into SYS_CITY (ID,PROVINCE_ID,CITY_NO,CITY_NAME,CITY_SHORT_NAME,CITY_FULL_NAME,CAPITAL_FLAG,SORT_ID,STATUS_CHANGE_TIME,STATUS_CODE,DEL_FLAG,DEL_TIME) values (198,11,'3204','常州',null,'常州',null,40,to_timestamp('05-4月 -14 01.18.05.000000000 上午','DD-MON-RR HH.MI.SSXFF AM'),10,0,null);
Insert into SYS_CITY (ID,PROVINCE_ID,CITY_NO,CITY_NAME,CITY_SHORT_NAME,CITY_FULL_NAME,CAPITAL_FLAG,SORT_ID,STATUS_CHANGE_TIME,STATUS_CODE,DEL_FLAG,DEL_TIME) values (199,11,'3214','省管点',null,'省管点',null,140,to_timestamp('05-4月 -14 01.18.05.000000000 上午','DD-MON-RR HH.MI.SSXFF AM'),10,0,null);
Insert into SYS_CITY (ID,PROVINCE_ID,CITY_NO,CITY_NAME,CITY_SHORT_NAME,CITY_FULL_NAME,CAPITAL_FLAG,SORT_ID,STATUS_CHANGE_TIME,STATUS_CODE,DEL_FLAG,DEL_TIME) values (200,26,'5311','文山',null,'文山',null,110,to_timestamp('29-4月 -14 01.05.51.000000000 上午','DD-MON-RR HH.MI.SSXFF AM'),10,0,null);
Insert into SYS_CITY (ID,PROVINCE_ID,CITY_NO,CITY_NAME,CITY_SHORT_NAME,CITY_FULL_NAME,CAPITAL_FLAG,SORT_ID,STATUS_CHANGE_TIME,STATUS_CODE,DEL_FLAG,DEL_TIME) values (201,26,'5318','怒江',null,'怒江',null,180,to_timestamp('29-4月 -14 01.05.51.000000000 上午','DD-MON-RR HH.MI.SSXFF AM'),10,0,null);
Insert into SYS_CITY (ID,PROVINCE_ID,CITY_NO,CITY_NAME,CITY_SHORT_NAME,CITY_FULL_NAME,CAPITAL_FLAG,SORT_ID,STATUS_CHANGE_TIME,STATUS_CODE,DEL_FLAG,DEL_TIME) values (202,26,'5301','昆明一',null,'昆明一',null,10,to_timestamp('29-4月 -14 01.05.51.000000000 上午','DD-MON-RR HH.MI.SSXFF AM'),10,0,null);
Insert into SYS_CITY (ID,PROVINCE_ID,CITY_NO,CITY_NAME,CITY_SHORT_NAME,CITY_FULL_NAME,CAPITAL_FLAG,SORT_ID,STATUS_CHANGE_TIME,STATUS_CODE,DEL_FLAG,DEL_TIME) values (203,26,'5312','普洱',null,'普洱',null,120,to_timestamp('29-4月 -14 01.05.51.000000000 上午','DD-MON-RR HH.MI.SSXFF AM'),10,0,null);
Insert into SYS_CITY (ID,PROVINCE_ID,CITY_NO,CITY_NAME,CITY_SHORT_NAME,CITY_FULL_NAME,CAPITAL_FLAG,SORT_ID,STATUS_CHANGE_TIME,STATUS_CODE,DEL_FLAG,DEL_TIME) values (204,10,'3151','市属1',null,'市属1',null,19602,to_timestamp('30-10月-15 08.43.46.000000000 上午','DD-MON-RR HH.MI.SSXFF AM'),10,0,null);
Insert into SYS_CITY (ID,PROVINCE_ID,CITY_NO,CITY_NAME,CITY_SHORT_NAME,CITY_FULL_NAME,CAPITAL_FLAG,SORT_ID,STATUS_CHANGE_TIME,STATUS_CODE,DEL_FLAG,DEL_TIME) values (205,10,'3102','闸北区',null,'闸北区',null,50,to_timestamp('18-4月 -14 01.06.38.000000000 上午','DD-MON-RR HH.MI.SSXFF AM'),10,0,null);
Insert into SYS_CITY (ID,PROVINCE_ID,CITY_NO,CITY_NAME,CITY_SHORT_NAME,CITY_FULL_NAME,CAPITAL_FLAG,SORT_ID,STATUS_CHANGE_TIME,STATUS_CODE,DEL_FLAG,DEL_TIME) values (206,10,'3105','徐汇区',null,'徐汇区',null,80,to_timestamp('18-4月 -14 01.06.38.000000000 上午','DD-MON-RR HH.MI.SSXFF AM'),10,0,null);
Insert into SYS_CITY (ID,PROVINCE_ID,CITY_NO,CITY_NAME,CITY_SHORT_NAME,CITY_FULL_NAME,CAPITAL_FLAG,SORT_ID,STATUS_CHANGE_TIME,STATUS_CODE,DEL_FLAG,DEL_TIME) values (207,10,'3109','闵行区',null,'闵行区',null,120,to_timestamp('18-4月 -14 01.06.38.000000000 上午','DD-MON-RR HH.MI.SSXFF AM'),10,0,null);
Insert into SYS_CITY (ID,PROVINCE_ID,CITY_NO,CITY_NAME,CITY_SHORT_NAME,CITY_FULL_NAME,CAPITAL_FLAG,SORT_ID,STATUS_CHANGE_TIME,STATUS_CODE,DEL_FLAG,DEL_TIME) values (208,10,'3119','崇明县',null,'崇明县',null,220,to_timestamp('18-4月 -14 01.06.38.000000000 上午','DD-MON-RR HH.MI.SSXFF AM'),10,0,null);
Insert into SYS_CITY (ID,PROVINCE_ID,CITY_NO,CITY_NAME,CITY_SHORT_NAME,CITY_FULL_NAME,CAPITAL_FLAG,SORT_ID,STATUS_CHANGE_TIME,STATUS_CODE,DEL_FLAG,DEL_TIME) values (209,10,'3111','杨浦区',null,'杨浦区',null,140,to_timestamp('18-4月 -14 01.06.38.000000000 上午','DD-MON-RR HH.MI.SSXFF AM'),10,0,null);
Insert into SYS_CITY (ID,PROVINCE_ID,CITY_NO,CITY_NAME,CITY_SHORT_NAME,CITY_FULL_NAME,CAPITAL_FLAG,SORT_ID,STATUS_CHANGE_TIME,STATUS_CODE,DEL_FLAG,DEL_TIME) values (210,10,'3118','奉贤区',null,'奉贤区',null,210,to_timestamp('18-4月 -14 01.06.38.000000000 上午','DD-MON-RR HH.MI.SSXFF AM'),10,0,null);
Insert into SYS_CITY (ID,PROVINCE_ID,CITY_NO,CITY_NAME,CITY_SHORT_NAME,CITY_FULL_NAME,CAPITAL_FLAG,SORT_ID,STATUS_CHANGE_TIME,STATUS_CODE,DEL_FLAG,DEL_TIME) values (211,10,'3110','虹口区',null,'虹口区',null,130,to_timestamp('18-4月 -14 01.06.38.000000000 上午','DD-MON-RR HH.MI.SSXFF AM'),10,0,null);
Insert into SYS_CITY (ID,PROVINCE_ID,CITY_NO,CITY_NAME,CITY_SHORT_NAME,CITY_FULL_NAME,CAPITAL_FLAG,SORT_ID,STATUS_CHANGE_TIME,STATUS_CODE,DEL_FLAG,DEL_TIME) values (212,10,'3131','市属0',null,'市属0',null,2002,to_timestamp('30-10月-15 08.42.36.000000000 上午','DD-MON-RR HH.MI.SSXFF AM'),10,0,null);
Insert into SYS_CITY (ID,PROVINCE_ID,CITY_NO,CITY_NAME,CITY_SHORT_NAME,CITY_FULL_NAME,CAPITAL_FLAG,SORT_ID,STATUS_CHANGE_TIME,STATUS_CODE,DEL_FLAG,DEL_TIME) values (213,10,'3108','普陀区',null,'普陀区',null,110,to_timestamp('18-4月 -14 01.06.38.000000000 上午','DD-MON-RR HH.MI.SSXFF AM'),10,0,null);
Insert into SYS_CITY (ID,PROVINCE_ID,CITY_NO,CITY_NAME,CITY_SHORT_NAME,CITY_FULL_NAME,CAPITAL_FLAG,SORT_ID,STATUS_CHANGE_TIME,STATUS_CODE,DEL_FLAG,DEL_TIME) values (214,10,'3112','浦东区',null,'浦东区',null,150,to_timestamp('18-4月 -14 01.06.38.000000000 上午','DD-MON-RR HH.MI.SSXFF AM'),10,0,null);
Insert into SYS_CITY (ID,PROVINCE_ID,CITY_NO,CITY_NAME,CITY_SHORT_NAME,CITY_FULL_NAME,CAPITAL_FLAG,SORT_ID,STATUS_CHANGE_TIME,STATUS_CODE,DEL_FLAG,DEL_TIME) values (215,10,'3101','黄浦区',null,'黄浦区',null,40,to_timestamp('18-4月 -14 01.06.38.000000000 上午','DD-MON-RR HH.MI.SSXFF AM'),10,0,null);
Insert into SYS_CITY (ID,PROVINCE_ID,CITY_NO,CITY_NAME,CITY_SHORT_NAME,CITY_FULL_NAME,CAPITAL_FLAG,SORT_ID,STATUS_CHANGE_TIME,STATUS_CODE,DEL_FLAG,DEL_TIME) values (216,10,'3117','青浦区',null,'青浦区',null,200,to_timestamp('18-4月 -14 01.06.38.000000000 上午','DD-MON-RR HH.MI.SSXFF AM'),10,0,null);
Insert into SYS_CITY (ID,PROVINCE_ID,CITY_NO,CITY_NAME,CITY_SHORT_NAME,CITY_FULL_NAME,CAPITAL_FLAG,SORT_ID,STATUS_CHANGE_TIME,STATUS_CODE,DEL_FLAG,DEL_TIME) values (217,10,'3107','长宁区',null,'长宁区',null,100,to_timestamp('18-4月 -14 01.06.38.000000000 上午','DD-MON-RR HH.MI.SSXFF AM'),10,0,null);
Insert into SYS_CITY (ID,PROVINCE_ID,CITY_NO,CITY_NAME,CITY_SHORT_NAME,CITY_FULL_NAME,CAPITAL_FLAG,SORT_ID,STATUS_CHANGE_TIME,STATUS_CODE,DEL_FLAG,DEL_TIME) values (218,10,'3104','静安区',null,'静安区',null,70,to_timestamp('18-4月 -14 01.06.38.000000000 上午','DD-MON-RR HH.MI.SSXFF AM'),10,0,null);
Insert into SYS_CITY (ID,PROVINCE_ID,CITY_NO,CITY_NAME,CITY_SHORT_NAME,CITY_FULL_NAME,CAPITAL_FLAG,SORT_ID,STATUS_CHANGE_TIME,STATUS_CODE,DEL_FLAG,DEL_TIME) values (219,10,'3115','宝山区',null,'宝山区',null,180,to_timestamp('18-4月 -14 01.06.38.000000000 上午','DD-MON-RR HH.MI.SSXFF AM'),10,0,null);
Insert into SYS_CITY (ID,PROVINCE_ID,CITY_NO,CITY_NAME,CITY_SHORT_NAME,CITY_FULL_NAME,CAPITAL_FLAG,SORT_ID,STATUS_CHANGE_TIME,STATUS_CODE,DEL_FLAG,DEL_TIME) values (220,10,'3113','嘉定区',null,'嘉定区',null,160,to_timestamp('18-4月 -14 01.06.38.000000000 上午','DD-MON-RR HH.MI.SSXFF AM'),10,0,null);
Insert into SYS_CITY (ID,PROVINCE_ID,CITY_NO,CITY_NAME,CITY_SHORT_NAME,CITY_FULL_NAME,CAPITAL_FLAG,SORT_ID,STATUS_CHANGE_TIME,STATUS_CODE,DEL_FLAG,DEL_TIME) values (221,10,'3120','松江区',null,'松江区',null,230,to_timestamp('18-4月 -14 01.06.38.000000000 上午','DD-MON-RR HH.MI.SSXFF AM'),10,0,null);
Insert into SYS_CITY (ID,PROVINCE_ID,CITY_NO,CITY_NAME,CITY_SHORT_NAME,CITY_FULL_NAME,CAPITAL_FLAG,SORT_ID,STATUS_CHANGE_TIME,STATUS_CODE,DEL_FLAG,DEL_TIME) values (222,19,'4307','常德',null,'常德',null,70,to_timestamp('18-4月 -14 01.07.07.000000000 上午','DD-MON-RR HH.MI.SSXFF AM'),10,0,null);
Insert into SYS_CITY (ID,PROVINCE_ID,CITY_NO,CITY_NAME,CITY_SHORT_NAME,CITY_FULL_NAME,CAPITAL_FLAG,SORT_ID,STATUS_CHANGE_TIME,STATUS_CODE,DEL_FLAG,DEL_TIME) values (223,19,'4310','郴州',null,'郴州',null,100,to_timestamp('18-4月 -14 01.07.07.000000000 上午','DD-MON-RR HH.MI.SSXFF AM'),10,0,null);
Insert into SYS_CITY (ID,PROVINCE_ID,CITY_NO,CITY_NAME,CITY_SHORT_NAME,CITY_FULL_NAME,CAPITAL_FLAG,SORT_ID,STATUS_CHANGE_TIME,STATUS_CODE,DEL_FLAG,DEL_TIME) values (224,19,'4331','湘西',null,'湘西',null,140,to_timestamp('18-4月 -14 01.07.07.000000000 上午','DD-MON-RR HH.MI.SSXFF AM'),10,0,null);
Insert into SYS_CITY (ID,PROVINCE_ID,CITY_NO,CITY_NAME,CITY_SHORT_NAME,CITY_FULL_NAME,CAPITAL_FLAG,SORT_ID,STATUS_CHANGE_TIME,STATUS_CODE,DEL_FLAG,DEL_TIME) values (225,19,'4391','常德2',null,'常德2',null,160,to_timestamp('18-4月 -14 01.07.07.000000000 上午','DD-MON-RR HH.MI.SSXFF AM'),10,0,null);
Insert into SYS_CITY (ID,PROVINCE_ID,CITY_NO,CITY_NAME,CITY_SHORT_NAME,CITY_FULL_NAME,CAPITAL_FLAG,SORT_ID,STATUS_CHANGE_TIME,STATUS_CODE,DEL_FLAG,DEL_TIME) values (226,19,'4393','湘潭2',null,'湘潭2',null,180,to_timestamp('18-4月 -14 01.07.07.000000000 上午','DD-MON-RR HH.MI.SSXFF AM'),10,0,null);
Insert into SYS_CITY (ID,PROVINCE_ID,CITY_NO,CITY_NAME,CITY_SHORT_NAME,CITY_FULL_NAME,CAPITAL_FLAG,SORT_ID,STATUS_CHANGE_TIME,STATUS_CODE,DEL_FLAG,DEL_TIME) values (227,19,'4398','省直',null,'省直',null,230,to_timestamp('18-4月 -14 01.07.07.000000000 上午','DD-MON-RR HH.MI.SSXFF AM'),10,0,null);
Insert into SYS_CITY (ID,PROVINCE_ID,CITY_NO,CITY_NAME,CITY_SHORT_NAME,CITY_FULL_NAME,CAPITAL_FLAG,SORT_ID,STATUS_CHANGE_TIME,STATUS_CODE,DEL_FLAG,DEL_TIME) values (228,19,'4308','张家界',null,'张家界',null,80,to_timestamp('18-4月 -14 01.07.07.000000000 上午','DD-MON-RR HH.MI.SSXFF AM'),10,0,null);
Insert into SYS_CITY (ID,PROVINCE_ID,CITY_NO,CITY_NAME,CITY_SHORT_NAME,CITY_FULL_NAME,CAPITAL_FLAG,SORT_ID,STATUS_CHANGE_TIME,STATUS_CODE,DEL_FLAG,DEL_TIME) values (229,19,'4397','怀化2',null,'怀化2',null,220,to_timestamp('18-4月 -14 01.07.07.000000000 上午','DD-MON-RR HH.MI.SSXFF AM'),10,0,null);
Insert into SYS_CITY (ID,PROVINCE_ID,CITY_NO,CITY_NAME,CITY_SHORT_NAME,CITY_FULL_NAME,CAPITAL_FLAG,SORT_ID,STATUS_CHANGE_TIME,STATUS_CODE,DEL_FLAG,DEL_TIME) values (230,19,'4302','株洲',null,'株洲',null,20,to_timestamp('18-4月 -14 01.07.07.000000000 上午','DD-MON-RR HH.MI.SSXFF AM'),10,0,null);
Insert into SYS_CITY (ID,PROVINCE_ID,CITY_NO,CITY_NAME,CITY_SHORT_NAME,CITY_FULL_NAME,CAPITAL_FLAG,SORT_ID,STATUS_CHANGE_TIME,STATUS_CODE,DEL_FLAG,DEL_TIME) values (231,19,'4311','永州',null,'永州',null,110,to_timestamp('18-4月 -14 01.07.07.000000000 上午','DD-MON-RR HH.MI.SSXFF AM'),10,0,null);
Insert into SYS_CITY (ID,PROVINCE_ID,CITY_NO,CITY_NAME,CITY_SHORT_NAME,CITY_FULL_NAME,CAPITAL_FLAG,SORT_ID,STATUS_CHANGE_TIME,STATUS_CODE,DEL_FLAG,DEL_TIME) values (232,19,'4313','娄底',null,'娄底',null,130,to_timestamp('18-4月 -14 01.07.07.000000000 上午','DD-MON-RR HH.MI.SSXFF AM'),10,0,null);
Insert into SYS_CITY (ID,PROVINCE_ID,CITY_NO,CITY_NAME,CITY_SHORT_NAME,CITY_FULL_NAME,CAPITAL_FLAG,SORT_ID,STATUS_CHANGE_TIME,STATUS_CODE,DEL_FLAG,DEL_TIME) values (233,19,'4399','省中心',null,'省中心',null,240,to_timestamp('18-4月 -14 01.07.07.000000000 上午','DD-MON-RR HH.MI.SSXFF AM'),10,0,null);
Insert into SYS_CITY (ID,PROVINCE_ID,CITY_NO,CITY_NAME,CITY_SHORT_NAME,CITY_FULL_NAME,CAPITAL_FLAG,SORT_ID,STATUS_CHANGE_TIME,STATUS_CODE,DEL_FLAG,DEL_TIME) values (234,19,'4304','衡阳',null,'衡阳',null,40,to_timestamp('18-4月 -14 01.07.07.000000000 上午','DD-MON-RR HH.MI.SSXFF AM'),10,0,null);
Insert into SYS_CITY (ID,PROVINCE_ID,CITY_NO,CITY_NAME,CITY_SHORT_NAME,CITY_FULL_NAME,CAPITAL_FLAG,SORT_ID,STATUS_CHANGE_TIME,STATUS_CODE,DEL_FLAG,DEL_TIME) values (235,19,'4396','永州2',null,'永州2',null,210,to_timestamp('18-4月 -14 01.07.07.000000000 上午','DD-MON-RR HH.MI.SSXFF AM'),10,0,null);
Insert into SYS_CITY (ID,PROVINCE_ID,CITY_NO,CITY_NAME,CITY_SHORT_NAME,CITY_FULL_NAME,CAPITAL_FLAG,SORT_ID,STATUS_CHANGE_TIME,STATUS_CODE,DEL_FLAG,DEL_TIME) values (236,26,'5302','昆明二',null,'昆明二',null,20,to_timestamp('03-9月 -14 03.00.39.000000000 下午','DD-MON-RR HH.MI.SSXFF AM'),10,0,null);
Insert into SYS_CITY (ID,PROVINCE_ID,CITY_NO,CITY_NAME,CITY_SHORT_NAME,CITY_FULL_NAME,CAPITAL_FLAG,SORT_ID,STATUS_CHANGE_TIME,STATUS_CODE,DEL_FLAG,DEL_TIME) values (237,26,'5303','昆明三',null,'昆明三',null,30,to_timestamp('03-9月 -14 03.01.28.000000000 下午','DD-MON-RR HH.MI.SSXFF AM'),10,0,null);
Insert into SYS_CITY (ID,PROVINCE_ID,CITY_NO,CITY_NAME,CITY_SHORT_NAME,CITY_FULL_NAME,CAPITAL_FLAG,SORT_ID,STATUS_CHANGE_TIME,STATUS_CODE,DEL_FLAG,DEL_TIME) values (238,26,'5304','昆明四',null,'昆明四',null,40,to_timestamp('03-9月 -14 03.01.45.000000000 下午','DD-MON-RR HH.MI.SSXFF AM'),10,0,null);
Insert into SYS_CITY (ID,PROVINCE_ID,CITY_NO,CITY_NAME,CITY_SHORT_NAME,CITY_FULL_NAME,CAPITAL_FLAG,SORT_ID,STATUS_CHANGE_TIME,STATUS_CODE,DEL_FLAG,DEL_TIME) values (239,26,'5307','曲靖二',null,'曲靖二',null,70,to_timestamp('03-9月 -14 03.02.21.000000000 下午','DD-MON-RR HH.MI.SSXFF AM'),10,0,null);
Insert into SYS_CITY (ID,PROVINCE_ID,CITY_NO,CITY_NAME,CITY_SHORT_NAME,CITY_FULL_NAME,CAPITAL_FLAG,SORT_ID,STATUS_CHANGE_TIME,STATUS_CODE,DEL_FLAG,DEL_TIME) values (275,28,'6215','甘南',null,'甘南',null,1426,to_timestamp('17-2月 -16 01.17.47.000000000 下午','DD-MON-RR HH.MI.SSXFF AM'),10,0,null);
Insert into SYS_CITY (ID,PROVINCE_ID,CITY_NO,CITY_NAME,CITY_SHORT_NAME,CITY_FULL_NAME,CAPITAL_FLAG,SORT_ID,STATUS_CHANGE_TIME,STATUS_CODE,DEL_FLAG,DEL_TIME) values (276,28,'6209','定西',null,'定西',null,726,to_timestamp('17-2月 -16 01.16.43.000000000 下午','DD-MON-RR HH.MI.SSXFF AM'),10,0,null);
Insert into SYS_CITY (ID,PROVINCE_ID,CITY_NO,CITY_NAME,CITY_SHORT_NAME,CITY_FULL_NAME,CAPITAL_FLAG,SORT_ID,STATUS_CHANGE_TIME,STATUS_CODE,DEL_FLAG,DEL_TIME) values (277,16,'3712','潍坊市',null,'潍坊市',null,503,to_timestamp('25-2月 -16 04.37.38.000000000 下午','DD-MON-RR HH.MI.SSXFF AM'),10,0,null);
Insert into SYS_CITY (ID,PROVINCE_ID,CITY_NO,CITY_NAME,CITY_SHORT_NAME,CITY_FULL_NAME,CAPITAL_FLAG,SORT_ID,STATUS_CHANGE_TIME,STATUS_CODE,DEL_FLAG,DEL_TIME) values (279,9,'2304','齐齐哈尔市',null,'齐齐哈尔市',null,114,to_timestamp('06-4月 -16 02.15.54.000000000 下午','DD-MON-RR HH.MI.SSXFF AM'),10,0,null);
Insert into SYS_CITY (ID,PROVINCE_ID,CITY_NO,CITY_NAME,CITY_SHORT_NAME,CITY_FULL_NAME,CAPITAL_FLAG,SORT_ID,STATUS_CHANGE_TIME,STATUS_CODE,DEL_FLAG,DEL_TIME) values (280,9,'2328','农垦总局',null,'农垦总局',null,1314,to_timestamp('06-4月 -16 02.18.23.000000000 下午','DD-MON-RR HH.MI.SSXFF AM'),10,0,null);
Insert into SYS_CITY (ID,PROVINCE_ID,CITY_NO,CITY_NAME,CITY_SHORT_NAME,CITY_FULL_NAME,CAPITAL_FLAG,SORT_ID,STATUS_CHANGE_TIME,STATUS_CODE,DEL_FLAG,DEL_TIME) values (281,14,'3510','平潭',null,'平潭',null,274802860,to_timestamp('15-11月-16 09.49.48.000000000 上午','DD-MON-RR HH.MI.SSXFF AM'),10,0,null);
Insert into SYS_CITY (ID,PROVINCE_ID,CITY_NO,CITY_NAME,CITY_SHORT_NAME,CITY_FULL_NAME,CAPITAL_FLAG,SORT_ID,STATUS_CHANGE_TIME,STATUS_CODE,DEL_FLAG,DEL_TIME) values (282,24,'5105','泸州市',null,'泸州市',null,807,to_timestamp('02-12月-15 10.36.52.000000000 下午','DD-MON-RR HH.MI.SSXFF AM'),10,0,null);
Insert into SYS_CITY (ID,PROVINCE_ID,CITY_NO,CITY_NAME,CITY_SHORT_NAME,CITY_FULL_NAME,CAPITAL_FLAG,SORT_ID,STATUS_CHANGE_TIME,STATUS_CODE,DEL_FLAG,DEL_TIME) values (283,24,'5118','雅安市',null,'雅安市',null,607,to_timestamp('02-12月-15 10.38.54.000000000 下午','DD-MON-RR HH.MI.SSXFF AM'),10,0,null);
Insert into SYS_CITY (ID,PROVINCE_ID,CITY_NO,CITY_NAME,CITY_SHORT_NAME,CITY_FULL_NAME,CAPITAL_FLAG,SORT_ID,STATUS_CHANGE_TIME,STATUS_CODE,DEL_FLAG,DEL_TIME) values (284,24,'5115','宜宾市',null,'宜宾市',null,1107,to_timestamp('02-12月-15 10.38.26.000000000 下午','DD-MON-RR HH.MI.SSXFF AM'),10,0,null);
Insert into SYS_CITY (ID,PROVINCE_ID,CITY_NO,CITY_NAME,CITY_SHORT_NAME,CITY_FULL_NAME,CAPITAL_FLAG,SORT_ID,STATUS_CHANGE_TIME,STATUS_CODE,DEL_FLAG,DEL_TIME) values (285,24,'5107','绵阳市',null,'绵阳市',null,307,to_timestamp('02-12月-15 10.37.19.000000000 下午','DD-MON-RR HH.MI.SSXFF AM'),10,0,null);
Insert into SYS_CITY (ID,PROVINCE_ID,CITY_NO,CITY_NAME,CITY_SHORT_NAME,CITY_FULL_NAME,CAPITAL_FLAG,SORT_ID,STATUS_CHANGE_TIME,STATUS_CODE,DEL_FLAG,DEL_TIME) values (286,24,'5110','内江市',null,'内江市',null,407,to_timestamp('02-12月-15 10.37.49.000000000 下午','DD-MON-RR HH.MI.SSXFF AM'),10,0,null);
Insert into SYS_CITY (ID,PROVINCE_ID,CITY_NO,CITY_NAME,CITY_SHORT_NAME,CITY_FULL_NAME,CAPITAL_FLAG,SORT_ID,STATUS_CHANGE_TIME,STATUS_CODE,DEL_FLAG,DEL_TIME) values (287,24,'5119','巴中市',null,'巴中市',null,2007,to_timestamp('02-12月-15 10.39.04.000000000 下午','DD-MON-RR HH.MI.SSXFF AM'),10,0,null);
Insert into SYS_CITY (ID,PROVINCE_ID,CITY_NO,CITY_NAME,CITY_SHORT_NAME,CITY_FULL_NAME,CAPITAL_FLAG,SORT_ID,STATUS_CHANGE_TIME,STATUS_CODE,DEL_FLAG,DEL_TIME) values (288,24,'5134','凉山州',null,'凉山州',null,1707,to_timestamp('02-12月-15 10.40.10.000000000 下午','DD-MON-RR HH.MI.SSXFF AM'),10,0,null);
Insert into SYS_CITY (ID,PROVINCE_ID,CITY_NO,CITY_NAME,CITY_SHORT_NAME,CITY_FULL_NAME,CAPITAL_FLAG,SORT_ID,STATUS_CHANGE_TIME,STATUS_CODE,DEL_FLAG,DEL_TIME) values (289,24,'5116','广安市',null,'广安市',null,1307,to_timestamp('02-12月-15 10.38.36.000000000 下午','DD-MON-RR HH.MI.SSXFF AM'),10,0,null);
Insert into SYS_CITY (ID,PROVINCE_ID,CITY_NO,CITY_NAME,CITY_SHORT_NAME,CITY_FULL_NAME,CAPITAL_FLAG,SORT_ID,STATUS_CHANGE_TIME,STATUS_CODE,DEL_FLAG,DEL_TIME) values (290,24,'5106','德阳市',null,'德阳市',null,207,to_timestamp('02-12月-15 10.37.09.000000000 下午','DD-MON-RR HH.MI.SSXFF AM'),10,0,null);
Insert into SYS_CITY (ID,PROVINCE_ID,CITY_NO,CITY_NAME,CITY_SHORT_NAME,CITY_FULL_NAME,CAPITAL_FLAG,SORT_ID,STATUS_CHANGE_TIME,STATUS_CODE,DEL_FLAG,DEL_TIME) values (291,24,'5114','眉山市',null,'眉山市',null,707,to_timestamp('02-12月-15 10.38.18.000000000 下午','DD-MON-RR HH.MI.SSXFF AM'),10,0,null);
Insert into SYS_CITY (ID,PROVINCE_ID,CITY_NO,CITY_NAME,CITY_SHORT_NAME,CITY_FULL_NAME,CAPITAL_FLAG,SORT_ID,STATUS_CHANGE_TIME,STATUS_CODE,DEL_FLAG,DEL_TIME) values (292,24,'5132','阿坝州',null,'阿坝州',null,1907,to_timestamp('02-12月-15 10.39.42.000000000 下午','DD-MON-RR HH.MI.SSXFF AM'),10,0,null);
Insert into SYS_CITY (ID,PROVINCE_ID,CITY_NO,CITY_NAME,CITY_SHORT_NAME,CITY_FULL_NAME,CAPITAL_FLAG,SORT_ID,STATUS_CHANGE_TIME,STATUS_CODE,DEL_FLAG,DEL_TIME) values (293,24,'5109','遂宁市',null,'遂宁市',null,1207,to_timestamp('02-12月-15 10.37.39.000000000 下午','DD-MON-RR HH.MI.SSXFF AM'),10,0,null);
Insert into SYS_CITY (ID,PROVINCE_ID,CITY_NO,CITY_NAME,CITY_SHORT_NAME,CITY_FULL_NAME,CAPITAL_FLAG,SORT_ID,STATUS_CHANGE_TIME,STATUS_CODE,DEL_FLAG,DEL_TIME) values (294,24,'5117','达州市',null,'达州市',null,1507,to_timestamp('02-12月-15 10.38.44.000000000 下午','DD-MON-RR HH.MI.SSXFF AM'),10,0,null);
Insert into SYS_CITY (ID,PROVINCE_ID,CITY_NO,CITY_NAME,CITY_SHORT_NAME,CITY_FULL_NAME,CAPITAL_FLAG,SORT_ID,STATUS_CHANGE_TIME,STATUS_CODE,DEL_FLAG,DEL_TIME) values (295,24,'5101','成都市东区',null,'成都市东区',null,10,to_timestamp('25-4月 -14 01.23.41.000000000 上午','DD-MON-RR HH.MI.SSXFF AM'),10,0,null);
Insert into SYS_CITY (ID,PROVINCE_ID,CITY_NO,CITY_NAME,CITY_SHORT_NAME,CITY_FULL_NAME,CAPITAL_FLAG,SORT_ID,STATUS_CHANGE_TIME,STATUS_CODE,DEL_FLAG,DEL_TIME) values (296,23,'5036','武隆县',null,'武隆县',null,27218,to_timestamp('05-5月 -14 02.01.30.000000000 下午','DD-MON-RR HH.MI.SSXFF AM'),10,0,null);
Insert into SYS_CITY (ID,PROVINCE_ID,CITY_NO,CITY_NAME,CITY_SHORT_NAME,CITY_FULL_NAME,CAPITAL_FLAG,SORT_ID,STATUS_CHANGE_TIME,STATUS_CODE,DEL_FLAG,DEL_TIME) values (297,23,'5042','云阳县',null,'云阳县',null,27918,to_timestamp('05-5月 -14 02.03.54.000000000 下午','DD-MON-RR HH.MI.SSXFF AM'),10,0,null);
Insert into SYS_CITY (ID,PROVINCE_ID,CITY_NO,CITY_NAME,CITY_SHORT_NAME,CITY_FULL_NAME,CAPITAL_FLAG,SORT_ID,STATUS_CHANGE_TIME,STATUS_CODE,DEL_FLAG,DEL_TIME) values (298,23,'5022','永川区',null,'永川区',null,25918,to_timestamp('05-5月 -14 01.52.50.000000000 下午','DD-MON-RR HH.MI.SSXFF AM'),10,0,null);
Insert into SYS_CITY (ID,PROVINCE_ID,CITY_NO,CITY_NAME,CITY_SHORT_NAME,CITY_FULL_NAME,CAPITAL_FLAG,SORT_ID,STATUS_CHANGE_TIME,STATUS_CODE,DEL_FLAG,DEL_TIME) values (299,23,'5008','渝北区',null,'渝北区',null,25718,to_timestamp('05-5月 -14 01.50.59.000000000 下午','DD-MON-RR HH.MI.SSXFF AM'),10,0,null);
Insert into SYS_CITY (ID,PROVINCE_ID,CITY_NO,CITY_NAME,CITY_SHORT_NAME,CITY_FULL_NAME,CAPITAL_FLAG,SORT_ID,STATUS_CHANGE_TIME,STATUS_CODE,DEL_FLAG,DEL_TIME) values (300,23,'5050','黔江区',null,'黔江区',null,28318,to_timestamp('05-5月 -14 01.46.45.000000000 下午','DD-MON-RR HH.MI.SSXFF AM'),10,0,null);
Insert into SYS_CITY (ID,PROVINCE_ID,CITY_NO,CITY_NAME,CITY_SHORT_NAME,CITY_FULL_NAME,CAPITAL_FLAG,SORT_ID,STATUS_CHANGE_TIME,STATUS_CODE,DEL_FLAG,DEL_TIME) values (301,23,'5006','南岸区',null,'南岸区',null,25518,to_timestamp('05-5月 -14 01.49.58.000000000 下午','DD-MON-RR HH.MI.SSXFF AM'),10,0,null);
Insert into SYS_CITY (ID,PROVINCE_ID,CITY_NO,CITY_NAME,CITY_SHORT_NAME,CITY_FULL_NAME,CAPITAL_FLAG,SORT_ID,STATUS_CHANGE_TIME,STATUS_CODE,DEL_FLAG,DEL_TIME) values (302,23,'5026','铜梁区',null,'铜梁区',null,26218,to_timestamp('09-11月-14 01.59.44.000000000 下午','DD-MON-RR HH.MI.SSXFF AM'),10,0,null);
Insert into SYS_CITY (ID,PROVINCE_ID,CITY_NO,CITY_NAME,CITY_SHORT_NAME,CITY_FULL_NAME,CAPITAL_FLAG,SORT_ID,STATUS_CHANGE_TIME,STATUS_CODE,DEL_FLAG,DEL_TIME) values (303,23,'5001','渝中区',null,'渝中区',null,25018,to_timestamp('05-5月 -14 01.40.18.000000000 下午','DD-MON-RR HH.MI.SSXFF AM'),10,0,null);
Insert into SYS_CITY (ID,PROVINCE_ID,CITY_NO,CITY_NAME,CITY_SHORT_NAME,CITY_FULL_NAME,CAPITAL_FLAG,SORT_ID,STATUS_CHANGE_TIME,STATUS_CODE,DEL_FLAG,DEL_TIME) values (304,23,'5004','九龙坡区',null,'九龙坡区',null,25318,to_timestamp('05-5月 -14 01.45.21.000000000 下午','DD-MON-RR HH.MI.SSXFF AM'),10,0,null);
Insert into SYS_CITY (ID,PROVINCE_ID,CITY_NO,CITY_NAME,CITY_SHORT_NAME,CITY_FULL_NAME,CAPITAL_FLAG,SORT_ID,STATUS_CHANGE_TIME,STATUS_CODE,DEL_FLAG,DEL_TIME) values (305,23,'5031','长寿区',null,'长寿区',null,26718,to_timestamp('05-5月 -14 01.59.15.000000000 下午','DD-MON-RR HH.MI.SSXFF AM'),10,0,null);
Insert into SYS_CITY (ID,PROVINCE_ID,CITY_NO,CITY_NAME,CITY_SHORT_NAME,CITY_FULL_NAME,CAPITAL_FLAG,SORT_ID,STATUS_CHANGE_TIME,STATUS_CODE,DEL_FLAG,DEL_TIME) values (306,23,'5040','忠县',null,'忠县',null,27718,to_timestamp('05-5月 -14 02.03.07.000000000 下午','DD-MON-RR HH.MI.SSXFF AM'),10,0,null);
Insert into SYS_CITY (ID,PROVINCE_ID,CITY_NO,CITY_NAME,CITY_SHORT_NAME,CITY_FULL_NAME,CAPITAL_FLAG,SORT_ID,STATUS_CHANGE_TIME,STATUS_CODE,DEL_FLAG,DEL_TIME) values (307,23,'5029','潼南区',null,'潼南区',null,26418,to_timestamp('18-10月-15 09.28.08.000000000 上午','DD-MON-RR HH.MI.SSXFF AM'),10,0,null);
Insert into SYS_CITY (ID,PROVINCE_ID,CITY_NO,CITY_NAME,CITY_SHORT_NAME,CITY_FULL_NAME,CAPITAL_FLAG,SORT_ID,STATUS_CHANGE_TIME,STATUS_CODE,DEL_FLAG,DEL_TIME) values (308,23,'5038','梁平县',null,'梁平县',null,27518,to_timestamp('05-5月 -14 02.02.18.000000000 下午','DD-MON-RR HH.MI.SSXFF AM'),10,0,null);
Insert into SYS_CITY (ID,PROVINCE_ID,CITY_NO,CITY_NAME,CITY_SHORT_NAME,CITY_FULL_NAME,CAPITAL_FLAG,SORT_ID,STATUS_CHANGE_TIME,STATUS_CODE,DEL_FLAG,DEL_TIME) values (309,23,'5046','城口县',null,'城口县',null,28218,to_timestamp('05-5月 -14 01.46.03.000000000 下午','DD-MON-RR HH.MI.SSXFF AM'),10,0,null);
Insert into SYS_CITY (ID,PROVINCE_ID,CITY_NO,CITY_NAME,CITY_SHORT_NAME,CITY_FULL_NAME,CAPITAL_FLAG,SORT_ID,STATUS_CHANGE_TIME,STATUS_CODE,DEL_FLAG,DEL_TIME) values (310,23,'5051','彭水县',null,'彭水县',null,28418,to_timestamp('05-5月 -14 01.47.17.000000000 下午','DD-MON-RR HH.MI.SSXFF AM'),10,0,null);
Insert into SYS_CITY (ID,PROVINCE_ID,CITY_NO,CITY_NAME,CITY_SHORT_NAME,CITY_FULL_NAME,CAPITAL_FLAG,SORT_ID,STATUS_CHANGE_TIME,STATUS_CODE,DEL_FLAG,DEL_TIME) values (311,23,'5053','秀山县',null,'秀山县',null,28618,to_timestamp('05-5月 -14 01.48.09.000000000 下午','DD-MON-RR HH.MI.SSXFF AM'),10,0,null);
Insert into SYS_CITY (ID,PROVINCE_ID,CITY_NO,CITY_NAME,CITY_SHORT_NAME,CITY_FULL_NAME,CAPITAL_FLAG,SORT_ID,STATUS_CHANGE_TIME,STATUS_CODE,DEL_FLAG,DEL_TIME) values (312,23,'5027','大足区',null,'大足区',null,26318,to_timestamp('05-5月 -14 01.57.14.000000000 下午','DD-MON-RR HH.MI.SSXFF AM'),10,0,null);
Insert into SYS_CITY (ID,PROVINCE_ID,CITY_NO,CITY_NAME,CITY_SHORT_NAME,CITY_FULL_NAME,CAPITAL_FLAG,SORT_ID,STATUS_CHANGE_TIME,STATUS_CODE,DEL_FLAG,DEL_TIME) values (313,23,'5005','大渡口区',null,'大渡口区',null,25418,to_timestamp('05-5月 -14 01.49.32.000000000 下午','DD-MON-RR HH.MI.SSXFF AM'),10,0,null);
Insert into SYS_CITY (ID,PROVINCE_ID,CITY_NO,CITY_NAME,CITY_SHORT_NAME,CITY_FULL_NAME,CAPITAL_FLAG,SORT_ID,STATUS_CHANGE_TIME,STATUS_CODE,DEL_FLAG,DEL_TIME) values (314,23,'5041','奉节县',null,'奉节县',null,27818,to_timestamp('05-5月 -14 02.03.31.000000000 下午','DD-MON-RR HH.MI.SSXFF AM'),10,0,null);
Insert into SYS_CITY (ID,PROVINCE_ID,CITY_NO,CITY_NAME,CITY_SHORT_NAME,CITY_FULL_NAME,CAPITAL_FLAG,SORT_ID,STATUS_CHANGE_TIME,STATUS_CODE,DEL_FLAG,DEL_TIME) values (315,23,'5037','万州区',null,'万州区',null,27418,to_timestamp('05-5月 -14 02.01.52.000000000 下午','DD-MON-RR HH.MI.SSXFF AM'),10,0,null);
Insert into SYS_CITY (ID,PROVINCE_ID,CITY_NO,CITY_NAME,CITY_SHORT_NAME,CITY_FULL_NAME,CAPITAL_FLAG,SORT_ID,STATUS_CHANGE_TIME,STATUS_CODE,DEL_FLAG,DEL_TIME) values (316,23,'5054','石柱县',null,'石柱县',null,28718,to_timestamp('05-5月 -14 01.48.34.000000000 下午','DD-MON-RR HH.MI.SSXFF AM'),10,0,null);
Insert into SYS_CITY (ID,PROVINCE_ID,CITY_NO,CITY_NAME,CITY_SHORT_NAME,CITY_FULL_NAME,CAPITAL_FLAG,SORT_ID,STATUS_CHANGE_TIME,STATUS_CODE,DEL_FLAG,DEL_TIME) values (318,16,'3780','东部',null,'东部',null,180,to_timestamp('11-4月 -14 12.58.58.000000000 上午','DD-MON-RR HH.MI.SSXFF AM'),10,0,null);
Insert into SYS_CITY (ID,PROVINCE_ID,CITY_NO,CITY_NAME,CITY_SHORT_NAME,CITY_FULL_NAME,CAPITAL_FLAG,SORT_ID,STATUS_CHANGE_TIME,STATUS_CODE,DEL_FLAG,DEL_TIME) values (319,18,'4228','恩施',null,'恩施',null,180,to_timestamp('04-2月 -14 10.09.55.000000000 上午','DD-MON-RR HH.MI.SSXFF AM'),10,0,null);
Insert into SYS_CITY (ID,PROVINCE_ID,CITY_NO,CITY_NAME,CITY_SHORT_NAME,CITY_FULL_NAME,CAPITAL_FLAG,SORT_ID,STATUS_CHANGE_TIME,STATUS_CODE,DEL_FLAG,DEL_TIME) values (320,18,'4292','仙桃',null,'仙桃',null,70,to_timestamp('04-2月 -14 10.09.55.000000000 上午','DD-MON-RR HH.MI.SSXFF AM'),10,0,null);
Insert into SYS_CITY (ID,PROVINCE_ID,CITY_NO,CITY_NAME,CITY_SHORT_NAME,CITY_FULL_NAME,CAPITAL_FLAG,SORT_ID,STATUS_CHANGE_TIME,STATUS_CODE,DEL_FLAG,DEL_TIME) values (321,18,'4207','鄂州',null,'鄂州',null,40,to_timestamp('04-2月 -14 10.09.55.000000000 上午','DD-MON-RR HH.MI.SSXFF AM'),10,0,null);
Insert into SYS_CITY (ID,PROVINCE_ID,CITY_NO,CITY_NAME,CITY_SHORT_NAME,CITY_FULL_NAME,CAPITAL_FLAG,SORT_ID,STATUS_CHANGE_TIME,STATUS_CODE,DEL_FLAG,DEL_TIME) values (322,18,'4204','武汉江南',null,'武汉江南',null,10,to_timestamp('04-2月 -14 10.09.55.000000000 上午','DD-MON-RR HH.MI.SSXFF AM'),10,0,null);
Insert into SYS_CITY (ID,PROVINCE_ID,CITY_NO,CITY_NAME,CITY_SHORT_NAME,CITY_FULL_NAME,CAPITAL_FLAG,SORT_ID,STATUS_CHANGE_TIME,STATUS_CODE,DEL_FLAG,DEL_TIME) values (323,18,'4212','咸宁',null,'咸宁',null,160,to_timestamp('04-2月 -14 10.09.55.000000000 上午','DD-MON-RR HH.MI.SSXFF AM'),10,0,null);
Insert into SYS_CITY (ID,PROVINCE_ID,CITY_NO,CITY_NAME,CITY_SHORT_NAME,CITY_FULL_NAME,CAPITAL_FLAG,SORT_ID,STATUS_CHANGE_TIME,STATUS_CODE,DEL_FLAG,DEL_TIME) values (324,18,'4213','随州',null,'随州',null,140,to_timestamp('04-2月 -14 10.09.55.000000000 上午','DD-MON-RR HH.MI.SSXFF AM'),10,0,null);
Insert into SYS_CITY (ID,PROVINCE_ID,CITY_NO,CITY_NAME,CITY_SHORT_NAME,CITY_FULL_NAME,CAPITAL_FLAG,SORT_ID,STATUS_CHANGE_TIME,STATUS_CODE,DEL_FLAG,DEL_TIME) values (325,18,'4206','襄阳',null,'襄阳',null,130,to_timestamp('04-2月 -14 10.09.55.000000000 上午','DD-MON-RR HH.MI.SSXFF AM'),10,0,null);
Insert into SYS_CITY (ID,PROVINCE_ID,CITY_NO,CITY_NAME,CITY_SHORT_NAME,CITY_FULL_NAME,CAPITAL_FLAG,SORT_ID,STATUS_CHANGE_TIME,STATUS_CODE,DEL_FLAG,DEL_TIME) values (326,18,'4293','天门',null,'天门',null,90,to_timestamp('04-2月 -14 10.09.55.000000000 上午','DD-MON-RR HH.MI.SSXFF AM'),10,0,null);
Insert into SYS_CITY (ID,PROVINCE_ID,CITY_NO,CITY_NAME,CITY_SHORT_NAME,CITY_FULL_NAME,CAPITAL_FLAG,SORT_ID,STATUS_CHANGE_TIME,STATUS_CODE,DEL_FLAG,DEL_TIME) values (327,18,'4209','孝感',null,'孝感',null,170,to_timestamp('04-2月 -14 10.09.55.000000000 上午','DD-MON-RR HH.MI.SSXFF AM'),10,0,null);
Insert into SYS_CITY (ID,PROVINCE_ID,CITY_NO,CITY_NAME,CITY_SHORT_NAME,CITY_FULL_NAME,CAPITAL_FLAG,SORT_ID,STATUS_CHANGE_TIME,STATUS_CODE,DEL_FLAG,DEL_TIME) values (328,18,'4203','十堰',null,'十堰',null,110,to_timestamp('04-2月 -14 10.09.55.000000000 上午','DD-MON-RR HH.MI.SSXFF AM'),10,0,null);
Insert into SYS_CITY (ID,PROVINCE_ID,CITY_NO,CITY_NAME,CITY_SHORT_NAME,CITY_FULL_NAME,CAPITAL_FLAG,SORT_ID,STATUS_CHANGE_TIME,STATUS_CODE,DEL_FLAG,DEL_TIME) values (329,18,'4290','潜江',null,'潜江',null,80,to_timestamp('04-2月 -14 10.09.55.000000000 上午','DD-MON-RR HH.MI.SSXFF AM'),10,0,null);
Insert into SYS_CITY (ID,PROVINCE_ID,CITY_NO,CITY_NAME,CITY_SHORT_NAME,CITY_FULL_NAME,CAPITAL_FLAG,SORT_ID,STATUS_CHANGE_TIME,STATUS_CODE,DEL_FLAG,DEL_TIME) values (330,18,'4201','武汉',null,'武汉',null,108,to_timestamp('18-1月 -17 10.13.47.000000000 上午','DD-MON-RR HH.MI.SSXFF AM'),10,0,null);
Insert into SYS_CITY (ID,PROVINCE_ID,CITY_NO,CITY_NAME,CITY_SHORT_NAME,CITY_FULL_NAME,CAPITAL_FLAG,SORT_ID,STATUS_CHANGE_TIME,STATUS_CODE,DEL_FLAG,DEL_TIME) values (331,18,'4202','黄石',null,'黄石',null,60,to_timestamp('04-2月 -14 10.09.55.000000000 上午','DD-MON-RR HH.MI.SSXFF AM'),10,0,null);
Insert into SYS_CITY (ID,PROVINCE_ID,CITY_NO,CITY_NAME,CITY_SHORT_NAME,CITY_FULL_NAME,CAPITAL_FLAG,SORT_ID,STATUS_CHANGE_TIME,STATUS_CODE,DEL_FLAG,DEL_TIME) values (332,18,'4291','神农架',null,'神农架',null,120,to_timestamp('04-2月 -14 10.09.55.000000000 上午','DD-MON-RR HH.MI.SSXFF AM'),10,0,null);
Insert into SYS_CITY (ID,PROVINCE_ID,CITY_NO,CITY_NAME,CITY_SHORT_NAME,CITY_FULL_NAME,CAPITAL_FLAG,SORT_ID,STATUS_CHANGE_TIME,STATUS_CODE,DEL_FLAG,DEL_TIME) values (333,18,'4211','黄冈',null,'黄冈',null,50,to_timestamp('04-2月 -14 10.09.55.000000000 上午','DD-MON-RR HH.MI.SSXFF AM'),10,0,null);
Insert into SYS_CITY (ID,PROVINCE_ID,CITY_NO,CITY_NAME,CITY_SHORT_NAME,CITY_FULL_NAME,CAPITAL_FLAG,SORT_ID,STATUS_CHANGE_TIME,STATUS_CODE,DEL_FLAG,DEL_TIME) values (334,18,'4210','荆州',null,'荆州',null,30,to_timestamp('04-2月 -14 10.09.55.000000000 上午','DD-MON-RR HH.MI.SSXFF AM'),10,0,null);
Insert into SYS_CITY (ID,PROVINCE_ID,CITY_NO,CITY_NAME,CITY_SHORT_NAME,CITY_FULL_NAME,CAPITAL_FLAG,SORT_ID,STATUS_CHANGE_TIME,STATUS_CODE,DEL_FLAG,DEL_TIME) values (336,18,'4208','荆门',null,'荆门',null,150,to_timestamp('04-2月 -14 10.09.55.000000000 上午','DD-MON-RR HH.MI.SSXFF AM'),10,0,null);
Insert into SYS_CITY (ID,PROVINCE_ID,CITY_NO,CITY_NAME,CITY_SHORT_NAME,CITY_FULL_NAME,CAPITAL_FLAG,SORT_ID,STATUS_CHANGE_TIME,STATUS_CODE,DEL_FLAG,DEL_TIME) values (337,18,'4205','宜昌',null,'宜昌',null,100,to_timestamp('04-2月 -14 10.09.55.000000000 上午','DD-MON-RR HH.MI.SSXFF AM'),10,0,null);
Insert into SYS_CITY (ID,PROVINCE_ID,CITY_NO,CITY_NAME,CITY_SHORT_NAME,CITY_FULL_NAME,CAPITAL_FLAG,SORT_ID,STATUS_CHANGE_TIME,STATUS_CODE,DEL_FLAG,DEL_TIME) values (338,27,'6104','省直',null,'省直',null,20,to_timestamp('14-1月 -14 12.40.15.000000000 上午','DD-MON-RR HH.MI.SSXFF AM'),10,0,null);
Insert into SYS_CITY (ID,PROVINCE_ID,CITY_NO,CITY_NAME,CITY_SHORT_NAME,CITY_FULL_NAME,CAPITAL_FLAG,SORT_ID,STATUS_CHANGE_TIME,STATUS_CODE,DEL_FLAG,DEL_TIME) values (339,32,'5404','那曲地区',null,'那曲地区',null,5404,to_timestamp('06-11月-14 11.37.28.000000000 下午','DD-MON-RR HH.MI.SSXFF AM'),10,0,null);
Insert into SYS_CITY (ID,PROVINCE_ID,CITY_NO,CITY_NAME,CITY_SHORT_NAME,CITY_FULL_NAME,CAPITAL_FLAG,SORT_ID,STATUS_CHANGE_TIME,STATUS_CODE,DEL_FLAG,DEL_TIME) values (340,32,'5401','区中心',null,'区中心',null,5401,to_timestamp('06-11月-14 11.37.28.000000000 下午','DD-MON-RR HH.MI.SSXFF AM'),10,0,null);
Insert into SYS_CITY (ID,PROVINCE_ID,CITY_NO,CITY_NAME,CITY_SHORT_NAME,CITY_FULL_NAME,CAPITAL_FLAG,SORT_ID,STATUS_CHANGE_TIME,STATUS_CODE,DEL_FLAG,DEL_TIME) values (341,32,'5403','山南地区',null,'山南地区',null,5403,to_timestamp('06-11月-14 11.37.28.000000000 下午','DD-MON-RR HH.MI.SSXFF AM'),10,0,null);
Insert into SYS_CITY (ID,PROVINCE_ID,CITY_NO,CITY_NAME,CITY_SHORT_NAME,CITY_FULL_NAME,CAPITAL_FLAG,SORT_ID,STATUS_CHANGE_TIME,STATUS_CODE,DEL_FLAG,DEL_TIME) values (342,32,'5405','林芝地区',null,'林芝地区',null,45147960,to_timestamp('22-5月 -15 05.32.22.000000000 下午','DD-MON-RR HH.MI.SSXFF AM'),10,0,null);
Insert into SYS_CITY (ID,PROVINCE_ID,CITY_NO,CITY_NAME,CITY_SHORT_NAME,CITY_FULL_NAME,CAPITAL_FLAG,SORT_ID,STATUS_CHANGE_TIME,STATUS_CODE,DEL_FLAG,DEL_TIME) values (343,32,'5406','日喀则地区',null,'日喀则地区',null,45148060,to_timestamp('07-11月-14 05.16.04.000000000 下午','DD-MON-RR HH.MI.SSXFF AM'),10,0,null);
Insert into SYS_CITY (ID,PROVINCE_ID,CITY_NO,CITY_NAME,CITY_SHORT_NAME,CITY_FULL_NAME,CAPITAL_FLAG,SORT_ID,STATUS_CHANGE_TIME,STATUS_CODE,DEL_FLAG,DEL_TIME) values (344,32,'5407','阿里地区',null,'阿里地区',null,5407,to_timestamp('06-11月-14 11.37.28.000000000 下午','DD-MON-RR HH.MI.SSXFF AM'),10,0,null);
Insert into SYS_CITY (ID,PROVINCE_ID,CITY_NO,CITY_NAME,CITY_SHORT_NAME,CITY_FULL_NAME,CAPITAL_FLAG,SORT_ID,STATUS_CHANGE_TIME,STATUS_CODE,DEL_FLAG,DEL_TIME) values (345,32,'5408','昌都地区',null,'昌都地区',null,45148260,to_timestamp('22-5月 -15 05.31.42.000000000 下午','DD-MON-RR HH.MI.SSXFF AM'),10,0,null);
Insert into SYS_CITY (ID,PROVINCE_ID,CITY_NO,CITY_NAME,CITY_SHORT_NAME,CITY_FULL_NAME,CAPITAL_FLAG,SORT_ID,STATUS_CHANGE_TIME,STATUS_CODE,DEL_FLAG,DEL_TIME) values (346,24,'5122','成都市南区',null,'成都市南区',null,51,to_timestamp('11-2月 -15 10.25.07.000000000 下午','DD-MON-RR HH.MI.SSXFF AM'),10,0,null);
Insert into SYS_CITY (ID,PROVINCE_ID,CITY_NO,CITY_NAME,CITY_SHORT_NAME,CITY_FULL_NAME,CAPITAL_FLAG,SORT_ID,STATUS_CHANGE_TIME,STATUS_CODE,DEL_FLAG,DEL_TIME) values (347,24,'5123','成都市西区',null,'成都市西区',null,51,to_timestamp('11-2月 -15 10.26.31.000000000 下午','DD-MON-RR HH.MI.SSXFF AM'),10,0,null);
Insert into SYS_CITY (ID,PROVINCE_ID,CITY_NO,CITY_NAME,CITY_SHORT_NAME,CITY_FULL_NAME,CAPITAL_FLAG,SORT_ID,STATUS_CHANGE_TIME,STATUS_CODE,DEL_FLAG,DEL_TIME) values (349,27,'6130','韩城',null,'韩城',null,76773460,to_timestamp('01-5月 -15 02.01.47.000000000 上午','DD-MON-RR HH.MI.SSXFF AM'),10,0,null);
Insert into SYS_CITY (ID,PROVINCE_ID,CITY_NO,CITY_NAME,CITY_SHORT_NAME,CITY_FULL_NAME,CAPITAL_FLAG,SORT_ID,STATUS_CHANGE_TIME,STATUS_CODE,DEL_FLAG,DEL_TIME) values (352,11,'3212','泰州',null,'泰州',null,120,to_timestamp('05-4月 -14 01.18.05.000000000 上午','DD-MON-RR HH.MI.SSXFF AM'),10,0,null);
Insert into SYS_CITY (ID,PROVINCE_ID,CITY_NO,CITY_NAME,CITY_SHORT_NAME,CITY_FULL_NAME,CAPITAL_FLAG,SORT_ID,STATUS_CHANGE_TIME,STATUS_CODE,DEL_FLAG,DEL_TIME) values (353,10,'3114','金山区',null,'金山区',null,170,to_timestamp('18-4月 -14 01.06.38.000000000 上午','DD-MON-RR HH.MI.SSXFF AM'),10,0,null);
Insert into SYS_CITY (ID,PROVINCE_ID,CITY_NO,CITY_NAME,CITY_SHORT_NAME,CITY_FULL_NAME,CAPITAL_FLAG,SORT_ID,STATUS_CHANGE_TIME,STATUS_CODE,DEL_FLAG,DEL_TIME) values (354,23,'5032','涪陵区',null,'涪陵区',null,26818,to_timestamp('05-5月 -14 01.59.41.000000000 下午','DD-MON-RR HH.MI.SSXFF AM'),10,0,null);
Insert into SYS_CITY (ID,PROVINCE_ID,CITY_NO,CITY_NAME,CITY_SHORT_NAME,CITY_FULL_NAME,CAPITAL_FLAG,SORT_ID,STATUS_CHANGE_TIME,STATUS_CODE,DEL_FLAG,DEL_TIME) values (355,17,'4109','濮阳',null,'濮阳',null,90,to_timestamp('04-2月 -14 09.49.12.000000000 上午','DD-MON-RR HH.MI.SSXFF AM'),10,0,null);
Insert into SYS_CITY (ID,PROVINCE_ID,CITY_NO,CITY_NAME,CITY_SHORT_NAME,CITY_FULL_NAME,CAPITAL_FLAG,SORT_ID,STATUS_CHANGE_TIME,STATUS_CODE,DEL_FLAG,DEL_TIME) values (356,17,'4105','安阳',null,'安阳',null,50,to_timestamp('04-2月 -14 09.49.12.000000000 上午','DD-MON-RR HH.MI.SSXFF AM'),10,0,null);
Insert into SYS_CITY (ID,PROVINCE_ID,CITY_NO,CITY_NAME,CITY_SHORT_NAME,CITY_FULL_NAME,CAPITAL_FLAG,SORT_ID,STATUS_CHANGE_TIME,STATUS_CODE,DEL_FLAG,DEL_TIME) values (358,22,'4600','省直属',null,'省直属',null,46,to_timestamp('02-8月 -16 03.59.41.000000000 下午','DD-MON-RR HH.MI.SSXFF AM'),10,0,null);
Insert into SYS_CITY (ID,PROVINCE_ID,CITY_NO,CITY_NAME,CITY_SHORT_NAME,CITY_FULL_NAME,CAPITAL_FLAG,SORT_ID,STATUS_CHANGE_TIME,STATUS_CODE,DEL_FLAG,DEL_TIME) values (364,8,'2204','吉林市',null,'吉林市',null,122,to_timestamp('29-10月-15 02.56.39.000000000 下午','DD-MON-RR HH.MI.SSXFF AM'),10,0,null);
Insert into SYS_CITY (ID,PROVINCE_ID,CITY_NO,CITY_NAME,CITY_SHORT_NAME,CITY_FULL_NAME,CAPITAL_FLAG,SORT_ID,STATUS_CHANGE_TIME,STATUS_CODE,DEL_FLAG,DEL_TIME) values (366,19,'4320','浏阳',null,'浏阳',null,179895860,to_timestamp('01-11月-15 09.23.26.000000000 上午','DD-MON-RR HH.MI.SSXFF AM'),10,0,null);
Insert into SYS_CITY (ID,PROVINCE_ID,CITY_NO,CITY_NAME,CITY_SHORT_NAME,CITY_FULL_NAME,CAPITAL_FLAG,SORT_ID,STATUS_CHANGE_TIME,STATUS_CODE,DEL_FLAG,DEL_TIME) values (368,3,'1221','临时',null,'临时',null,250007960,to_timestamp('29-4月 -16 11.37.53.000000000 上午','DD-MON-RR HH.MI.SSXFF AM'),10,0,null);
Insert into SYS_CITY (ID,PROVINCE_ID,CITY_NO,CITY_NAME,CITY_SHORT_NAME,CITY_FULL_NAME,CAPITAL_FLAG,SORT_ID,STATUS_CHANGE_TIME,STATUS_CODE,DEL_FLAG,DEL_TIME) values (370,22,'4621','三沙市',null,'三沙市',null,46,to_timestamp('13-1月 -16 10.26.12.000000000 上午','DD-MON-RR HH.MI.SSXFF AM'),10,0,null);
Insert into SYS_CITY (ID,PROVINCE_ID,CITY_NO,CITY_NAME,CITY_SHORT_NAME,CITY_FULL_NAME,CAPITAL_FLAG,SORT_ID,STATUS_CHANGE_TIME,STATUS_CODE,DEL_FLAG,DEL_TIME) values (371,12,'3307','金华',null,'金华',null,70,to_timestamp('21-3月 -14 12.47.42.000000000 上午','DD-MON-RR HH.MI.SSXFF AM'),10,0,null);
Insert into SYS_CITY (ID,PROVINCE_ID,CITY_NO,CITY_NAME,CITY_SHORT_NAME,CITY_FULL_NAME,CAPITAL_FLAG,SORT_ID,STATUS_CHANGE_TIME,STATUS_CODE,DEL_FLAG,DEL_TIME) values (372,12,'3301','杭州',null,'杭州',null,106,to_timestamp('24-7月 -15 12.59.48.000000000 上午','DD-MON-RR HH.MI.SSXFF AM'),10,0,null);
Insert into SYS_CITY (ID,PROVINCE_ID,CITY_NO,CITY_NAME,CITY_SHORT_NAME,CITY_FULL_NAME,CAPITAL_FLAG,SORT_ID,STATUS_CHANGE_TIME,STATUS_CODE,DEL_FLAG,DEL_TIME) values (373,12,'3308','衢州',null,'衢州',null,80,to_timestamp('21-3月 -14 12.47.42.000000000 上午','DD-MON-RR HH.MI.SSXFF AM'),10,0,null);
Insert into SYS_CITY (ID,PROVINCE_ID,CITY_NO,CITY_NAME,CITY_SHORT_NAME,CITY_FULL_NAME,CAPITAL_FLAG,SORT_ID,STATUS_CHANGE_TIME,STATUS_CODE,DEL_FLAG,DEL_TIME) values (374,12,'3312','义乌',null,'义乌',null,120,to_timestamp('21-3月 -14 12.47.42.000000000 上午','DD-MON-RR HH.MI.SSXFF AM'),10,0,null);
Insert into SYS_CITY (ID,PROVINCE_ID,CITY_NO,CITY_NAME,CITY_SHORT_NAME,CITY_FULL_NAME,CAPITAL_FLAG,SORT_ID,STATUS_CHANGE_TIME,STATUS_CODE,DEL_FLAG,DEL_TIME) values (375,12,'3306','绍兴',null,'绍兴',null,60,to_timestamp('21-3月 -14 12.47.42.000000000 上午','DD-MON-RR HH.MI.SSXFF AM'),10,0,null);
Insert into SYS_CITY (ID,PROVINCE_ID,CITY_NO,CITY_NAME,CITY_SHORT_NAME,CITY_FULL_NAME,CAPITAL_FLAG,SORT_ID,STATUS_CHANGE_TIME,STATUS_CODE,DEL_FLAG,DEL_TIME) values (376,12,'3311','丽水',null,'丽水',null,110,to_timestamp('21-3月 -14 12.47.42.000000000 上午','DD-MON-RR HH.MI.SSXFF AM'),10,0,null);
Insert into SYS_CITY (ID,PROVINCE_ID,CITY_NO,CITY_NAME,CITY_SHORT_NAME,CITY_FULL_NAME,CAPITAL_FLAG,SORT_ID,STATUS_CHANGE_TIME,STATUS_CODE,DEL_FLAG,DEL_TIME) values (377,12,'3303','温州',null,'温州',null,206,to_timestamp('24-7月 -15 12.54.52.000000000 上午','DD-MON-RR HH.MI.SSXFF AM'),10,0,null);
Insert into SYS_CITY (ID,PROVINCE_ID,CITY_NO,CITY_NAME,CITY_SHORT_NAME,CITY_FULL_NAME,CAPITAL_FLAG,SORT_ID,STATUS_CHANGE_TIME,STATUS_CODE,DEL_FLAG,DEL_TIME) values (378,12,'3309','舟山',null,'舟山',null,90,to_timestamp('21-3月 -14 12.47.42.000000000 上午','DD-MON-RR HH.MI.SSXFF AM'),10,0,null);
Insert into SYS_CITY (ID,PROVINCE_ID,CITY_NO,CITY_NAME,CITY_SHORT_NAME,CITY_FULL_NAME,CAPITAL_FLAG,SORT_ID,STATUS_CHANGE_TIME,STATUS_CODE,DEL_FLAG,DEL_TIME) values (379,12,'3304','嘉兴',null,'嘉兴',null,40,to_timestamp('21-3月 -14 12.47.42.000000000 上午','DD-MON-RR HH.MI.SSXFF AM'),10,0,null);
Insert into SYS_CITY (ID,PROVINCE_ID,CITY_NO,CITY_NAME,CITY_SHORT_NAME,CITY_FULL_NAME,CAPITAL_FLAG,SORT_ID,STATUS_CHANGE_TIME,STATUS_CODE,DEL_FLAG,DEL_TIME) values (380,12,'3305','湖州',null,'湖州',null,50,to_timestamp('21-3月 -14 12.47.42.000000000 上午','DD-MON-RR HH.MI.SSXFF AM'),10,0,null);
Insert into SYS_CITY (ID,PROVINCE_ID,CITY_NO,CITY_NAME,CITY_SHORT_NAME,CITY_FULL_NAME,CAPITAL_FLAG,SORT_ID,STATUS_CHANGE_TIME,STATUS_CODE,DEL_FLAG,DEL_TIME) values (381,12,'3302','宁波',null,'宁波',null,6,to_timestamp('24-7月 -15 12.59.54.000000000 上午','DD-MON-RR HH.MI.SSXFF AM'),10,0,null);
Insert into SYS_CITY (ID,PROVINCE_ID,CITY_NO,CITY_NAME,CITY_SHORT_NAME,CITY_FULL_NAME,CAPITAL_FLAG,SORT_ID,STATUS_CHANGE_TIME,STATUS_CODE,DEL_FLAG,DEL_TIME) values (382,12,'3310','台州',null,'台州',null,100,to_timestamp('21-3月 -14 12.47.42.000000000 上午','DD-MON-RR HH.MI.SSXFF AM'),10,0,null);
Insert into SYS_CITY (ID,PROVINCE_ID,CITY_NO,CITY_NAME,CITY_SHORT_NAME,CITY_FULL_NAME,CAPITAL_FLAG,SORT_ID,STATUS_CHANGE_TIME,STATUS_CODE,DEL_FLAG,DEL_TIME) values (383,9,'2326','大兴安岭地区',null,'大兴安岭地区',null,1214,to_timestamp('06-4月 -16 02.18.01.000000000 下午','DD-MON-RR HH.MI.SSXFF AM'),10,0,null);
Insert into SYS_CITY (ID,PROVINCE_ID,CITY_NO,CITY_NAME,CITY_SHORT_NAME,CITY_FULL_NAME,CAPITAL_FLAG,SORT_ID,STATUS_CHANGE_TIME,STATUS_CODE,DEL_FLAG,DEL_TIME) values (384,9,'2325','黑河市',null,'黑河市',null,1114,to_timestamp('06-4月 -16 02.17.45.000000000 下午','DD-MON-RR HH.MI.SSXFF AM'),10,0,null);
Insert into SYS_CITY (ID,PROVINCE_ID,CITY_NO,CITY_NAME,CITY_SHORT_NAME,CITY_FULL_NAME,CAPITAL_FLAG,SORT_ID,STATUS_CHANGE_TIME,STATUS_CODE,DEL_FLAG,DEL_TIME) values (385,9,'2301','哈尔滨市',null,'哈尔滨市',null,14,to_timestamp('06-4月 -16 02.15.00.000000000 下午','DD-MON-RR HH.MI.SSXFF AM'),10,0,null);
Insert into SYS_CITY (ID,PROVINCE_ID,CITY_NO,CITY_NAME,CITY_SHORT_NAME,CITY_FULL_NAME,CAPITAL_FLAG,SORT_ID,STATUS_CHANGE_TIME,STATUS_CODE,DEL_FLAG,DEL_TIME) values (386,9,'2311','佳木斯市',null,'佳木斯市',null,414,to_timestamp('06-4月 -16 02.16.40.000000000 下午','DD-MON-RR HH.MI.SSXFF AM'),10,0,null);
Insert into SYS_CITY (ID,PROVINCE_ID,CITY_NO,CITY_NAME,CITY_SHORT_NAME,CITY_FULL_NAME,CAPITAL_FLAG,SORT_ID,STATUS_CHANGE_TIME,STATUS_CODE,DEL_FLAG,DEL_TIME) values (387,9,'2307','牡丹江市',null,'牡丹江市',null,214,to_timestamp('06-4月 -16 02.16.16.000000000 下午','DD-MON-RR HH.MI.SSXFF AM'),10,0,null);
Insert into SYS_CITY (ID,PROVINCE_ID,CITY_NO,CITY_NAME,CITY_SHORT_NAME,CITY_FULL_NAME,CAPITAL_FLAG,SORT_ID,STATUS_CHANGE_TIME,STATUS_CODE,DEL_FLAG,DEL_TIME) values (388,9,'2317','七台河市',null,'七台河市',null,914,to_timestamp('06-4月 -16 02.17.08.000000000 下午','DD-MON-RR HH.MI.SSXFF AM'),10,0,null);
Insert into SYS_CITY (ID,PROVINCE_ID,CITY_NO,CITY_NAME,CITY_SHORT_NAME,CITY_FULL_NAME,CAPITAL_FLAG,SORT_ID,STATUS_CHANGE_TIME,STATUS_CODE,DEL_FLAG,DEL_TIME) values (389,9,'2321','伊春市',null,'伊春市',null,1014,to_timestamp('06-4月 -16 02.17.35.000000000 下午','DD-MON-RR HH.MI.SSXFF AM'),10,0,null);
Insert into SYS_CITY (ID,PROVINCE_ID,CITY_NO,CITY_NAME,CITY_SHORT_NAME,CITY_FULL_NAME,CAPITAL_FLAG,SORT_ID,STATUS_CHANGE_TIME,STATUS_CODE,DEL_FLAG,DEL_TIME) values (390,9,'2330','绥芬河市',null,'绥芬河市',null,3514,to_timestamp('06-4月 -16 02.18.54.000000000 下午','DD-MON-RR HH.MI.SSXFF AM'),10,0,null);
Insert into SYS_CITY (ID,PROVINCE_ID,CITY_NO,CITY_NAME,CITY_SHORT_NAME,CITY_FULL_NAME,CAPITAL_FLAG,SORT_ID,STATUS_CHANGE_TIME,STATUS_CODE,DEL_FLAG,DEL_TIME) values (391,9,'2315','双鸭山市',null,'双鸭山市',null,614,to_timestamp('06-4月 -16 02.16.59.000000000 下午','DD-MON-RR HH.MI.SSXFF AM'),10,0,null);
Insert into SYS_CITY (ID,PROVINCE_ID,CITY_NO,CITY_NAME,CITY_SHORT_NAME,CITY_FULL_NAME,CAPITAL_FLAG,SORT_ID,STATUS_CHANGE_TIME,STATUS_CODE,DEL_FLAG,DEL_TIME) values (392,9,'2318','鹤岗市',null,'鹤岗市',null,714,to_timestamp('06-4月 -16 02.17.17.000000000 下午','DD-MON-RR HH.MI.SSXFF AM'),10,0,null);
Insert into SYS_CITY (ID,PROVINCE_ID,CITY_NO,CITY_NAME,CITY_SHORT_NAME,CITY_FULL_NAME,CAPITAL_FLAG,SORT_ID,STATUS_CHANGE_TIME,STATUS_CODE,DEL_FLAG,DEL_TIME) values (393,9,'2313','鸡西市',null,'鸡西市',null,514,to_timestamp('06-4月 -16 02.16.50.000000000 下午','DD-MON-RR HH.MI.SSXFF AM'),10,0,null);
Insert into SYS_CITY (ID,PROVINCE_ID,CITY_NO,CITY_NAME,CITY_SHORT_NAME,CITY_FULL_NAME,CAPITAL_FLAG,SORT_ID,STATUS_CHANGE_TIME,STATUS_CODE,DEL_FLAG,DEL_TIME) values (394,9,'2332','省直',null,'省直',null,170,to_timestamp('01-4月 -14 12.54.19.000000000 上午','DD-MON-RR HH.MI.SSXFF AM'),10,0,null);
Insert into SYS_CITY (ID,PROVINCE_ID,CITY_NO,CITY_NAME,CITY_SHORT_NAME,CITY_FULL_NAME,CAPITAL_FLAG,SORT_ID,STATUS_CHANGE_TIME,STATUS_CODE,DEL_FLAG,DEL_TIME) values (395,9,'2320','绥化市',null,'绥化市',null,814,to_timestamp('06-4月 -16 02.17.27.000000000 下午','DD-MON-RR HH.MI.SSXFF AM'),10,0,null);
Insert into SYS_CITY (ID,PROVINCE_ID,CITY_NO,CITY_NAME,CITY_SHORT_NAME,CITY_FULL_NAME,CAPITAL_FLAG,SORT_ID,STATUS_CHANGE_TIME,STATUS_CODE,DEL_FLAG,DEL_TIME) values (396,9,'2329','森工总局',null,'森工总局',null,1414,to_timestamp('06-4月 -16 02.18.37.000000000 下午','DD-MON-RR HH.MI.SSXFF AM'),10,0,null);
Insert into SYS_CITY (ID,PROVINCE_ID,CITY_NO,CITY_NAME,CITY_SHORT_NAME,CITY_FULL_NAME,CAPITAL_FLAG,SORT_ID,STATUS_CHANGE_TIME,STATUS_CODE,DEL_FLAG,DEL_TIME) values (397,9,'2309','大庆市',null,'大庆市',null,314,to_timestamp('06-4月 -16 02.16.26.000000000 下午','DD-MON-RR HH.MI.SSXFF AM'),10,0,null);
Insert into SYS_CITY (ID,PROVINCE_ID,CITY_NO,CITY_NAME,CITY_SHORT_NAME,CITY_FULL_NAME,CAPITAL_FLAG,SORT_ID,STATUS_CHANGE_TIME,STATUS_CODE,DEL_FLAG,DEL_TIME) values (398,31,'6501','乌市',null,'乌市',null,10,to_timestamp('01-4月 -14 12.32.52.000000000 上午','DD-MON-RR HH.MI.SSXFF AM'),10,0,null);
Insert into SYS_CITY (ID,PROVINCE_ID,CITY_NO,CITY_NAME,CITY_SHORT_NAME,CITY_FULL_NAME,CAPITAL_FLAG,SORT_ID,STATUS_CHANGE_TIME,STATUS_CODE,DEL_FLAG,DEL_TIME) values (399,31,'6503','石河子',null,'石河子',null,30,to_timestamp('01-4月 -14 12.32.52.000000000 上午','DD-MON-RR HH.MI.SSXFF AM'),10,0,null);
Insert into SYS_CITY (ID,PROVINCE_ID,CITY_NO,CITY_NAME,CITY_SHORT_NAME,CITY_FULL_NAME,CAPITAL_FLAG,SORT_ID,STATUS_CHANGE_TIME,STATUS_CODE,DEL_FLAG,DEL_TIME) values (400,31,'6506','塔城',null,'塔城',null,60,to_timestamp('01-4月 -14 12.32.52.000000000 上午','DD-MON-RR HH.MI.SSXFF AM'),10,0,null);
Insert into SYS_CITY (ID,PROVINCE_ID,CITY_NO,CITY_NAME,CITY_SHORT_NAME,CITY_FULL_NAME,CAPITAL_FLAG,SORT_ID,STATUS_CHANGE_TIME,STATUS_CODE,DEL_FLAG,DEL_TIME) values (401,31,'6512','巴州',null,'巴州',null,120,to_timestamp('01-4月 -14 12.32.52.000000000 上午','DD-MON-RR HH.MI.SSXFF AM'),10,0,null);
Insert into SYS_CITY (ID,PROVINCE_ID,CITY_NO,CITY_NAME,CITY_SHORT_NAME,CITY_FULL_NAME,CAPITAL_FLAG,SORT_ID,STATUS_CHANGE_TIME,STATUS_CODE,DEL_FLAG,DEL_TIME) values (402,31,'6509','昌吉州',null,'昌吉州',null,90,to_timestamp('01-4月 -14 12.32.52.000000000 上午','DD-MON-RR HH.MI.SSXFF AM'),10,0,null);
Insert into SYS_CITY (ID,PROVINCE_ID,CITY_NO,CITY_NAME,CITY_SHORT_NAME,CITY_FULL_NAME,CAPITAL_FLAG,SORT_ID,STATUS_CHANGE_TIME,STATUS_CODE,DEL_FLAG,DEL_TIME) values (403,31,'6515','喀什',null,'喀什',null,150,to_timestamp('01-4月 -14 12.32.52.000000000 上午','DD-MON-RR HH.MI.SSXFF AM'),10,0,null);
Insert into SYS_CITY (ID,PROVINCE_ID,CITY_NO,CITY_NAME,CITY_SHORT_NAME,CITY_FULL_NAME,CAPITAL_FLAG,SORT_ID,STATUS_CHANGE_TIME,STATUS_CODE,DEL_FLAG,DEL_TIME) values (404,31,'6514','克州',null,'克州',null,140,to_timestamp('01-4月 -14 12.32.52.000000000 上午','DD-MON-RR HH.MI.SSXFF AM'),10,0,null);
Insert into SYS_CITY (ID,PROVINCE_ID,CITY_NO,CITY_NAME,CITY_SHORT_NAME,CITY_FULL_NAME,CAPITAL_FLAG,SORT_ID,STATUS_CHANGE_TIME,STATUS_CODE,DEL_FLAG,DEL_TIME) values (405,31,'6517','和田',null,'和田',null,160,to_timestamp('01-4月 -14 12.32.52.000000000 上午','DD-MON-RR HH.MI.SSXFF AM'),10,0,null);
Insert into SYS_CITY (ID,PROVINCE_ID,CITY_NO,CITY_NAME,CITY_SHORT_NAME,CITY_FULL_NAME,CAPITAL_FLAG,SORT_ID,STATUS_CHANGE_TIME,STATUS_CODE,DEL_FLAG,DEL_TIME) values (406,31,'6511','哈密',null,'哈密',null,110,to_timestamp('01-4月 -14 12.32.52.000000000 上午','DD-MON-RR HH.MI.SSXFF AM'),10,0,null);
Insert into SYS_CITY (ID,PROVINCE_ID,CITY_NO,CITY_NAME,CITY_SHORT_NAME,CITY_FULL_NAME,CAPITAL_FLAG,SORT_ID,STATUS_CHANGE_TIME,STATUS_CODE,DEL_FLAG,DEL_TIME) values (407,31,'6507','阿勒泰',null,'阿勒泰',null,70,to_timestamp('01-4月 -14 12.32.52.000000000 上午','DD-MON-RR HH.MI.SSXFF AM'),10,0,null);
Insert into SYS_CITY (ID,PROVINCE_ID,CITY_NO,CITY_NAME,CITY_SHORT_NAME,CITY_FULL_NAME,CAPITAL_FLAG,SORT_ID,STATUS_CHANGE_TIME,STATUS_CODE,DEL_FLAG,DEL_TIME) values (408,31,'6505','伊犁州',null,'伊犁州',null,50,to_timestamp('01-4月 -14 12.32.52.000000000 上午','DD-MON-RR HH.MI.SSXFF AM'),10,0,null);
Insert into SYS_CITY (ID,PROVINCE_ID,CITY_NO,CITY_NAME,CITY_SHORT_NAME,CITY_FULL_NAME,CAPITAL_FLAG,SORT_ID,STATUS_CHANGE_TIME,STATUS_CODE,DEL_FLAG,DEL_TIME) values (409,31,'6518','兵团',null,'兵团',null,170,to_timestamp('01-4月 -14 12.32.52.000000000 上午','DD-MON-RR HH.MI.SSXFF AM'),10,0,null);
Insert into SYS_CITY (ID,PROVINCE_ID,CITY_NO,CITY_NAME,CITY_SHORT_NAME,CITY_FULL_NAME,CAPITAL_FLAG,SORT_ID,STATUS_CHANGE_TIME,STATUS_CODE,DEL_FLAG,DEL_TIME) values (410,31,'6510','吐鲁番',null,'吐鲁番',null,100,to_timestamp('01-4月 -14 12.32.52.000000000 上午','DD-MON-RR HH.MI.SSXFF AM'),10,0,null);
Insert into SYS_CITY (ID,PROVINCE_ID,CITY_NO,CITY_NAME,CITY_SHORT_NAME,CITY_FULL_NAME,CAPITAL_FLAG,SORT_ID,STATUS_CHANGE_TIME,STATUS_CODE,DEL_FLAG,DEL_TIME) values (411,31,'6504','奎屯市',null,'奎屯市',null,40,to_timestamp('01-4月 -14 12.32.52.000000000 上午','DD-MON-RR HH.MI.SSXFF AM'),10,0,null);
Insert into SYS_CITY (ID,PROVINCE_ID,CITY_NO,CITY_NAME,CITY_SHORT_NAME,CITY_FULL_NAME,CAPITAL_FLAG,SORT_ID,STATUS_CHANGE_TIME,STATUS_CODE,DEL_FLAG,DEL_TIME) values (412,31,'6502','克市',null,'克市',null,20,to_timestamp('01-4月 -14 12.32.52.000000000 上午','DD-MON-RR HH.MI.SSXFF AM'),10,0,null);
Insert into SYS_CITY (ID,PROVINCE_ID,CITY_NO,CITY_NAME,CITY_SHORT_NAME,CITY_FULL_NAME,CAPITAL_FLAG,SORT_ID,STATUS_CHANGE_TIME,STATUS_CODE,DEL_FLAG,DEL_TIME) values (413,31,'6513','阿克苏',null,'阿克苏',null,130,to_timestamp('01-4月 -14 12.32.52.000000000 上午','DD-MON-RR HH.MI.SSXFF AM'),10,0,null);
Insert into SYS_CITY (ID,PROVINCE_ID,CITY_NO,CITY_NAME,CITY_SHORT_NAME,CITY_FULL_NAME,CAPITAL_FLAG,SORT_ID,STATUS_CHANGE_TIME,STATUS_CODE,DEL_FLAG,DEL_TIME) values (414,31,'6508','博州',null,'博州',null,80,to_timestamp('01-4月 -14 12.32.52.000000000 上午','DD-MON-RR HH.MI.SSXFF AM'),10,0,null);
Insert into SYS_CITY (ID,PROVINCE_ID,CITY_NO,CITY_NAME,CITY_SHORT_NAME,CITY_FULL_NAME,CAPITAL_FLAG,SORT_ID,STATUS_CHANGE_TIME,STATUS_CODE,DEL_FLAG,DEL_TIME) values (415,16,'3705','烟台市',null,'烟台市',null,403,to_timestamp('25-2月 -16 04.36.32.000000000 下午','DD-MON-RR HH.MI.SSXFF AM'),10,0,null);
Insert into SYS_CITY (ID,PROVINCE_ID,CITY_NO,CITY_NAME,CITY_SHORT_NAME,CITY_FULL_NAME,CAPITAL_FLAG,SORT_ID,STATUS_CHANGE_TIME,STATUS_CODE,DEL_FLAG,DEL_TIME) values (416,16,'3726','菏泽市',null,'菏泽市',null,1603,to_timestamp('25-2月 -16 04.39.25.000000000 下午','DD-MON-RR HH.MI.SSXFF AM'),10,0,null);
Insert into SYS_CITY (ID,PROVINCE_ID,CITY_NO,CITY_NAME,CITY_SHORT_NAME,CITY_FULL_NAME,CAPITAL_FLAG,SORT_ID,STATUS_CHANGE_TIME,STATUS_CODE,DEL_FLAG,DEL_TIME) values (417,16,'3707','淄博市',null,'淄博市',null,3,to_timestamp('25-2月 -16 04.37.10.000000000 下午','DD-MON-RR HH.MI.SSXFF AM'),10,0,null);
Insert into SYS_CITY (ID,PROVINCE_ID,CITY_NO,CITY_NAME,CITY_SHORT_NAME,CITY_FULL_NAME,CAPITAL_FLAG,SORT_ID,STATUS_CHANGE_TIME,STATUS_CODE,DEL_FLAG,DEL_TIME) values (418,16,'3714','济宁市',null,'济宁市',null,603,to_timestamp('25-2月 -16 04.37.47.000000000 下午','DD-MON-RR HH.MI.SSXFF AM'),10,0,null);
Insert into SYS_CITY (ID,PROVINCE_ID,CITY_NO,CITY_NAME,CITY_SHORT_NAME,CITY_FULL_NAME,CAPITAL_FLAG,SORT_ID,STATUS_CHANGE_TIME,STATUS_CODE,DEL_FLAG,DEL_TIME) values (419,16,'3719','莱芜市',null,'莱芜市',null,1303,to_timestamp('25-2月 -16 04.38.36.000000000 下午','DD-MON-RR HH.MI.SSXFF AM'),10,0,null);
Insert into SYS_CITY (ID,PROVINCE_ID,CITY_NO,CITY_NAME,CITY_SHORT_NAME,CITY_FULL_NAME,CAPITAL_FLAG,SORT_ID,STATUS_CHANGE_TIME,STATUS_CODE,DEL_FLAG,DEL_TIME) values (420,16,'3724','滨州市',null,'滨州市',null,1403,to_timestamp('25-2月 -16 04.39.03.000000000 下午','DD-MON-RR HH.MI.SSXFF AM'),10,0,null);
Insert into SYS_CITY (ID,PROVINCE_ID,CITY_NO,CITY_NAME,CITY_SHORT_NAME,CITY_FULL_NAME,CAPITAL_FLAG,SORT_ID,STATUS_CHANGE_TIME,STATUS_CODE,DEL_FLAG,DEL_TIME) values (421,16,'3789','省直',null,'省直',null,190,to_timestamp('11-4月 -14 12.58.58.000000000 上午','DD-MON-RR HH.MI.SSXFF AM'),10,0,null);
Insert into SYS_CITY (ID,PROVINCE_ID,CITY_NO,CITY_NAME,CITY_SHORT_NAME,CITY_FULL_NAME,CAPITAL_FLAG,SORT_ID,STATUS_CHANGE_TIME,STATUS_CODE,DEL_FLAG,DEL_TIME) values (422,16,'3718','日照市',null,'日照市',null,1203,to_timestamp('25-2月 -16 04.38.25.000000000 下午','DD-MON-RR HH.MI.SSXFF AM'),10,0,null);
Insert into SYS_CITY (ID,PROVINCE_ID,CITY_NO,CITY_NAME,CITY_SHORT_NAME,CITY_FULL_NAME,CAPITAL_FLAG,SORT_ID,STATUS_CHANGE_TIME,STATUS_CODE,DEL_FLAG,DEL_TIME) values (423,16,'3701','济南市',null,'济南市',null,103,to_timestamp('25-2月 -16 04.38.17.000000000 下午','DD-MON-RR HH.MI.SSXFF AM'),10,0,null);
Insert into SYS_CITY (ID,PROVINCE_ID,CITY_NO,CITY_NAME,CITY_SHORT_NAME,CITY_FULL_NAME,CAPITAL_FLAG,SORT_ID,STATUS_CHANGE_TIME,STATUS_CODE,DEL_FLAG,DEL_TIME) values (424,16,'3722','临沂市',null,'临沂市',null,803,to_timestamp('25-2月 -16 04.38.53.000000000 下午','DD-MON-RR HH.MI.SSXFF AM'),10,0,null);
Insert into SYS_CITY (ID,PROVINCE_ID,CITY_NO,CITY_NAME,CITY_SHORT_NAME,CITY_FULL_NAME,CAPITAL_FLAG,SORT_ID,STATUS_CHANGE_TIME,STATUS_CODE,DEL_FLAG,DEL_TIME) values (425,16,'3717','威海市',null,'威海市',null,703,to_timestamp('25-2月 -16 04.38.03.000000000 下午','DD-MON-RR HH.MI.SSXFF AM'),10,0,null);
Insert into SYS_CITY (ID,PROVINCE_ID,CITY_NO,CITY_NAME,CITY_SHORT_NAME,CITY_FULL_NAME,CAPITAL_FLAG,SORT_ID,STATUS_CHANGE_TIME,STATUS_CODE,DEL_FLAG,DEL_TIME) values (426,16,'3711','东营市',null,'东营市',null,303,to_timestamp('25-2月 -16 04.37.29.000000000 下午','DD-MON-RR HH.MI.SSXFF AM'),10,0,null);
Insert into SYS_CITY (ID,PROVINCE_ID,CITY_NO,CITY_NAME,CITY_SHORT_NAME,CITY_FULL_NAME,CAPITAL_FLAG,SORT_ID,STATUS_CHANGE_TIME,STATUS_CODE,DEL_FLAG,DEL_TIME) values (428,16,'3720','德州市',null,'德州市',null,1103,to_timestamp('25-2月 -16 04.38.45.000000000 下午','DD-MON-RR HH.MI.SSXFF AM'),10,0,null);
Insert into SYS_CITY (ID,PROVINCE_ID,CITY_NO,CITY_NAME,CITY_SHORT_NAME,CITY_FULL_NAME,CAPITAL_FLAG,SORT_ID,STATUS_CHANGE_TIME,STATUS_CODE,DEL_FLAG,DEL_TIME) values (429,16,'3725','聊城市',null,'聊城市',null,1503,to_timestamp('25-2月 -16 04.39.11.000000000 下午','DD-MON-RR HH.MI.SSXFF AM'),10,0,null);
Insert into SYS_CITY (ID,PROVINCE_ID,CITY_NO,CITY_NAME,CITY_SHORT_NAME,CITY_FULL_NAME,CAPITAL_FLAG,SORT_ID,STATUS_CHANGE_TIME,STATUS_CODE,DEL_FLAG,DEL_TIME) values (430,16,'3709','枣庄市',null,'枣庄市',null,903,to_timestamp('25-2月 -16 04.37.19.000000000 下午','DD-MON-RR HH.MI.SSXFF AM'),10,0,null);
Insert into SYS_CITY (ID,PROVINCE_ID,CITY_NO,CITY_NAME,CITY_SHORT_NAME,CITY_FULL_NAME,CAPITAL_FLAG,SORT_ID,STATUS_CHANGE_TIME,STATUS_CODE,DEL_FLAG,DEL_TIME) values (431,16,'3703','青岛市',null,'青岛市',null,203,to_timestamp('25-2月 -16 04.35.35.000000000 下午','DD-MON-RR HH.MI.SSXFF AM'),10,0,null);
Insert into SYS_CITY (ID,PROVINCE_ID,CITY_NO,CITY_NAME,CITY_SHORT_NAME,CITY_FULL_NAME,CAPITAL_FLAG,SORT_ID,STATUS_CHANGE_TIME,STATUS_CODE,DEL_FLAG,DEL_TIME) values (432,16,'3716','泰安市',null,'泰安市',null,1003,to_timestamp('25-2月 -16 04.37.55.000000000 下午','DD-MON-RR HH.MI.SSXFF AM'),10,0,null);
Insert into SYS_CITY (ID,PROVINCE_ID,CITY_NO,CITY_NAME,CITY_SHORT_NAME,CITY_FULL_NAME,CAPITAL_FLAG,SORT_ID,STATUS_CHANGE_TIME,STATUS_CODE,DEL_FLAG,DEL_TIME) values (433,22,'4607','洋浦',null,'洋浦',null,60,to_timestamp('11-4月 -14 02.52.54.000000000 上午','DD-MON-RR HH.MI.SSXFF AM'),10,0,null);
Insert into SYS_CITY (ID,PROVINCE_ID,CITY_NO,CITY_NAME,CITY_SHORT_NAME,CITY_FULL_NAME,CAPITAL_FLAG,SORT_ID,STATUS_CHANGE_TIME,STATUS_CODE,DEL_FLAG,DEL_TIME) values (434,22,'4616','临高',null,'临高',null,150,to_timestamp('11-4月 -14 02.52.54.000000000 上午','DD-MON-RR HH.MI.SSXFF AM'),10,0,null);
Insert into SYS_CITY (ID,PROVINCE_ID,CITY_NO,CITY_NAME,CITY_SHORT_NAME,CITY_FULL_NAME,CAPITAL_FLAG,SORT_ID,STATUS_CHANGE_TIME,STATUS_CODE,DEL_FLAG,DEL_TIME) values (435,22,'4619','白沙',null,'白沙',null,180,to_timestamp('11-4月 -14 02.52.54.000000000 上午','DD-MON-RR HH.MI.SSXFF AM'),10,0,null);
Insert into SYS_CITY (ID,PROVINCE_ID,CITY_NO,CITY_NAME,CITY_SHORT_NAME,CITY_FULL_NAME,CAPITAL_FLAG,SORT_ID,STATUS_CHANGE_TIME,STATUS_CODE,DEL_FLAG,DEL_TIME) values (436,22,'4620','乐东',null,'乐东',null,190,to_timestamp('11-4月 -14 02.52.54.000000000 上午','DD-MON-RR HH.MI.SSXFF AM'),10,0,null);
Insert into SYS_CITY (ID,PROVINCE_ID,CITY_NO,CITY_NAME,CITY_SHORT_NAME,CITY_FULL_NAME,CAPITAL_FLAG,SORT_ID,STATUS_CHANGE_TIME,STATUS_CODE,DEL_FLAG,DEL_TIME) values (437,22,'4601','海口',null,'海口',null,10,to_timestamp('11-4月 -14 02.52.54.000000000 上午','DD-MON-RR HH.MI.SSXFF AM'),10,0,null);
Insert into SYS_CITY (ID,PROVINCE_ID,CITY_NO,CITY_NAME,CITY_SHORT_NAME,CITY_FULL_NAME,CAPITAL_FLAG,SORT_ID,STATUS_CHANGE_TIME,STATUS_CODE,DEL_FLAG,DEL_TIME) values (438,22,'4612','保亭',null,'保亭',null,110,to_timestamp('11-4月 -14 02.52.54.000000000 上午','DD-MON-RR HH.MI.SSXFF AM'),10,0,null);
Insert into SYS_CITY (ID,PROVINCE_ID,CITY_NO,CITY_NAME,CITY_SHORT_NAME,CITY_FULL_NAME,CAPITAL_FLAG,SORT_ID,STATUS_CHANGE_TIME,STATUS_CODE,DEL_FLAG,DEL_TIME) values (439,22,'4606','琼海',null,'琼海',null,50,to_timestamp('11-4月 -14 02.52.54.000000000 上午','DD-MON-RR HH.MI.SSXFF AM'),10,0,null);
Insert into SYS_CITY (ID,PROVINCE_ID,CITY_NO,CITY_NAME,CITY_SHORT_NAME,CITY_FULL_NAME,CAPITAL_FLAG,SORT_ID,STATUS_CHANGE_TIME,STATUS_CODE,DEL_FLAG,DEL_TIME) values (440,22,'4611','五指山',null,'五指山',null,100,to_timestamp('11-4月 -14 02.52.54.000000000 上午','DD-MON-RR HH.MI.SSXFF AM'),10,0,null);
Insert into SYS_CITY (ID,PROVINCE_ID,CITY_NO,CITY_NAME,CITY_SHORT_NAME,CITY_FULL_NAME,CAPITAL_FLAG,SORT_ID,STATUS_CHANGE_TIME,STATUS_CODE,DEL_FLAG,DEL_TIME) values (441,22,'4605','三亚',null,'三亚',null,40,to_timestamp('11-4月 -14 02.52.54.000000000 上午','DD-MON-RR HH.MI.SSXFF AM'),10,0,null);
Insert into SYS_CITY (ID,PROVINCE_ID,CITY_NO,CITY_NAME,CITY_SHORT_NAME,CITY_FULL_NAME,CAPITAL_FLAG,SORT_ID,STATUS_CHANGE_TIME,STATUS_CODE,DEL_FLAG,DEL_TIME) values (442,22,'4617','东方',null,'东方',null,160,to_timestamp('11-4月 -14 02.52.54.000000000 上午','DD-MON-RR HH.MI.SSXFF AM'),10,0,null);
Insert into SYS_CITY (ID,PROVINCE_ID,CITY_NO,CITY_NAME,CITY_SHORT_NAME,CITY_FULL_NAME,CAPITAL_FLAG,SORT_ID,STATUS_CHANGE_TIME,STATUS_CODE,DEL_FLAG,DEL_TIME) values (443,22,'4608','文昌',null,'文昌',null,70,to_timestamp('11-4月 -14 02.52.54.000000000 上午','DD-MON-RR HH.MI.SSXFF AM'),10,0,null);
Insert into SYS_CITY (ID,PROVINCE_ID,CITY_NO,CITY_NAME,CITY_SHORT_NAME,CITY_FULL_NAME,CAPITAL_FLAG,SORT_ID,STATUS_CHANGE_TIME,STATUS_CODE,DEL_FLAG,DEL_TIME) values (444,22,'4615','澄迈',null,'澄迈',null,140,to_timestamp('11-4月 -14 02.52.54.000000000 上午','DD-MON-RR HH.MI.SSXFF AM'),10,0,null);
Insert into SYS_CITY (ID,PROVINCE_ID,CITY_NO,CITY_NAME,CITY_SHORT_NAME,CITY_FULL_NAME,CAPITAL_FLAG,SORT_ID,STATUS_CHANGE_TIME,STATUS_CODE,DEL_FLAG,DEL_TIME) values (445,22,'4610','陵水',null,'陵水',null,90,to_timestamp('11-4月 -14 02.52.54.000000000 上午','DD-MON-RR HH.MI.SSXFF AM'),10,0,null);
Insert into SYS_CITY (ID,PROVINCE_ID,CITY_NO,CITY_NAME,CITY_SHORT_NAME,CITY_FULL_NAME,CAPITAL_FLAG,SORT_ID,STATUS_CHANGE_TIME,STATUS_CODE,DEL_FLAG,DEL_TIME) values (446,22,'4604','琼中',null,'琼中',null,30,to_timestamp('11-4月 -14 02.52.54.000000000 上午','DD-MON-RR HH.MI.SSXFF AM'),10,0,null);
Insert into SYS_CITY (ID,PROVINCE_ID,CITY_NO,CITY_NAME,CITY_SHORT_NAME,CITY_FULL_NAME,CAPITAL_FLAG,SORT_ID,STATUS_CHANGE_TIME,STATUS_CODE,DEL_FLAG,DEL_TIME) values (447,22,'4613','定安',null,'定安',null,120,to_timestamp('11-4月 -14 02.52.54.000000000 上午','DD-MON-RR HH.MI.SSXFF AM'),10,0,null);
Insert into SYS_CITY (ID,PROVINCE_ID,CITY_NO,CITY_NAME,CITY_SHORT_NAME,CITY_FULL_NAME,CAPITAL_FLAG,SORT_ID,STATUS_CHANGE_TIME,STATUS_CODE,DEL_FLAG,DEL_TIME) values (448,22,'4609','万宁',null,'万宁',null,80,to_timestamp('11-4月 -14 02.52.54.000000000 上午','DD-MON-RR HH.MI.SSXFF AM'),10,0,null);
Insert into SYS_CITY (ID,PROVINCE_ID,CITY_NO,CITY_NAME,CITY_SHORT_NAME,CITY_FULL_NAME,CAPITAL_FLAG,SORT_ID,STATUS_CHANGE_TIME,STATUS_CODE,DEL_FLAG,DEL_TIME) values (449,22,'4618','昌江',null,'昌江',null,170,to_timestamp('11-4月 -14 02.52.54.000000000 上午','DD-MON-RR HH.MI.SSXFF AM'),10,0,null);
Insert into SYS_CITY (ID,PROVINCE_ID,CITY_NO,CITY_NAME,CITY_SHORT_NAME,CITY_FULL_NAME,CAPITAL_FLAG,SORT_ID,STATUS_CHANGE_TIME,STATUS_CODE,DEL_FLAG,DEL_TIME) values (450,22,'4614','屯昌',null,'屯昌',null,130,to_timestamp('11-4月 -14 02.52.54.000000000 上午','DD-MON-RR HH.MI.SSXFF AM'),10,0,null);
Insert into SYS_CITY (ID,PROVINCE_ID,CITY_NO,CITY_NAME,CITY_SHORT_NAME,CITY_FULL_NAME,CAPITAL_FLAG,SORT_ID,STATUS_CHANGE_TIME,STATUS_CODE,DEL_FLAG,DEL_TIME) values (451,22,'4603','儋州',null,'儋州',null,20,to_timestamp('11-4月 -14 02.52.54.000000000 上午','DD-MON-RR HH.MI.SSXFF AM'),10,0,null);
Insert into SYS_CITY (ID,PROVINCE_ID,CITY_NO,CITY_NAME,CITY_SHORT_NAME,CITY_FULL_NAME,CAPITAL_FLAG,SORT_ID,STATUS_CHANGE_TIME,STATUS_CODE,DEL_FLAG,DEL_TIME) values (452,2,'1115','平谷',null,'平谷',null,150,to_timestamp('29-4月 -14 01.13.00.000000000 上午','DD-MON-RR HH.MI.SSXFF AM'),10,0,null);
Insert into SYS_CITY (ID,PROVINCE_ID,CITY_NO,CITY_NAME,CITY_SHORT_NAME,CITY_FULL_NAME,CAPITAL_FLAG,SORT_ID,STATUS_CHANGE_TIME,STATUS_CODE,DEL_FLAG,DEL_TIME) values (453,2,'1105','朝阳',null,'朝阳',null,50,to_timestamp('29-4月 -14 01.13.00.000000000 上午','DD-MON-RR HH.MI.SSXFF AM'),10,0,null);
Insert into SYS_CITY (ID,PROVINCE_ID,CITY_NO,CITY_NAME,CITY_SHORT_NAME,CITY_FULL_NAME,CAPITAL_FLAG,SORT_ID,STATUS_CHANGE_TIME,STATUS_CODE,DEL_FLAG,DEL_TIME) values (454,2,'1109','门头沟',null,'门头沟',null,90,to_timestamp('29-4月 -14 01.13.00.000000000 上午','DD-MON-RR HH.MI.SSXFF AM'),10,0,null);
Insert into SYS_CITY (ID,PROVINCE_ID,CITY_NO,CITY_NAME,CITY_SHORT_NAME,CITY_FULL_NAME,CAPITAL_FLAG,SORT_ID,STATUS_CHANGE_TIME,STATUS_CODE,DEL_FLAG,DEL_TIME) values (455,2,'1102','西城',null,'西城',null,20,to_timestamp('29-4月 -14 01.13.00.000000000 上午','DD-MON-RR HH.MI.SSXFF AM'),10,0,null);
Insert into SYS_CITY (ID,PROVINCE_ID,CITY_NO,CITY_NAME,CITY_SHORT_NAME,CITY_FULL_NAME,CAPITAL_FLAG,SORT_ID,STATUS_CHANGE_TIME,STATUS_CODE,DEL_FLAG,DEL_TIME) values (456,2,'1111','顺义',null,'顺义',null,110,to_timestamp('29-4月 -14 01.13.00.000000000 上午','DD-MON-RR HH.MI.SSXFF AM'),10,0,null);
Insert into SYS_CITY (ID,PROVINCE_ID,CITY_NO,CITY_NAME,CITY_SHORT_NAME,CITY_FULL_NAME,CAPITAL_FLAG,SORT_ID,STATUS_CHANGE_TIME,STATUS_CODE,DEL_FLAG,DEL_TIME) values (457,2,'1103','市中心',null,'市中心',null,210,to_timestamp('24-2月 -16 11.11.55.000000000 上午','DD-MON-RR HH.MI.SSXFF AM'),10,0,null);
Insert into SYS_CITY (ID,PROVINCE_ID,CITY_NO,CITY_NAME,CITY_SHORT_NAME,CITY_FULL_NAME,CAPITAL_FLAG,SORT_ID,STATUS_CHANGE_TIME,STATUS_CODE,DEL_FLAG,DEL_TIME) values (458,2,'1118','延庆',null,'延庆',null,180,to_timestamp('29-4月 -14 01.13.00.000000000 上午','DD-MON-RR HH.MI.SSXFF AM'),10,0,null);
Insert into SYS_CITY (ID,PROVINCE_ID,CITY_NO,CITY_NAME,CITY_SHORT_NAME,CITY_FULL_NAME,CAPITAL_FLAG,SORT_ID,STATUS_CHANGE_TIME,STATUS_CODE,DEL_FLAG,DEL_TIME) values (459,2,'1107','丰台',null,'丰台',null,70,to_timestamp('29-4月 -14 01.13.00.000000000 上午','DD-MON-RR HH.MI.SSXFF AM'),10,0,null);
Insert into SYS_CITY (ID,PROVINCE_ID,CITY_NO,CITY_NAME,CITY_SHORT_NAME,CITY_FULL_NAME,CAPITAL_FLAG,SORT_ID,STATUS_CHANGE_TIME,STATUS_CODE,DEL_FLAG,DEL_TIME) values (460,2,'1116','怀柔',null,'怀柔',null,160,to_timestamp('29-4月 -14 01.13.00.000000000 上午','DD-MON-RR HH.MI.SSXFF AM'),10,0,null);
Insert into SYS_CITY (ID,PROVINCE_ID,CITY_NO,CITY_NAME,CITY_SHORT_NAME,CITY_FULL_NAME,CAPITAL_FLAG,SORT_ID,STATUS_CHANGE_TIME,STATUS_CODE,DEL_FLAG,DEL_TIME) values (461,2,'1106','海淀',null,'海淀',null,60,to_timestamp('29-4月 -14 01.13.00.000000000 上午','DD-MON-RR HH.MI.SSXFF AM'),10,0,null);
Insert into SYS_CITY (ID,PROVINCE_ID,CITY_NO,CITY_NAME,CITY_SHORT_NAME,CITY_FULL_NAME,CAPITAL_FLAG,SORT_ID,STATUS_CHANGE_TIME,STATUS_CODE,DEL_FLAG,DEL_TIME) values (462,2,'1101','东城',null,'东城',null,10,to_timestamp('29-4月 -14 01.13.00.000000000 上午','DD-MON-RR HH.MI.SSXFF AM'),10,0,null);
Insert into SYS_CITY (ID,PROVINCE_ID,CITY_NO,CITY_NAME,CITY_SHORT_NAME,CITY_FULL_NAME,CAPITAL_FLAG,SORT_ID,STATUS_CHANGE_TIME,STATUS_CODE,DEL_FLAG,DEL_TIME) values (463,2,'1117','密云',null,'密云',null,170,to_timestamp('29-4月 -14 01.13.00.000000000 上午','DD-MON-RR HH.MI.SSXFF AM'),10,0,null);
Insert into SYS_CITY (ID,PROVINCE_ID,CITY_NO,CITY_NAME,CITY_SHORT_NAME,CITY_FULL_NAME,CAPITAL_FLAG,SORT_ID,STATUS_CHANGE_TIME,STATUS_CODE,DEL_FLAG,DEL_TIME) values (464,2,'1108','石景山',null,'石景山',null,80,to_timestamp('29-4月 -14 01.13.00.000000000 上午','DD-MON-RR HH.MI.SSXFF AM'),10,0,null);
Insert into SYS_CITY (ID,PROVINCE_ID,CITY_NO,CITY_NAME,CITY_SHORT_NAME,CITY_FULL_NAME,CAPITAL_FLAG,SORT_ID,STATUS_CHANGE_TIME,STATUS_CODE,DEL_FLAG,DEL_TIME) values (465,2,'1114','大兴',null,'大兴',null,140,to_timestamp('29-4月 -14 01.13.00.000000000 上午','DD-MON-RR HH.MI.SSXFF AM'),10,0,null);
Insert into SYS_CITY (ID,PROVINCE_ID,CITY_NO,CITY_NAME,CITY_SHORT_NAME,CITY_FULL_NAME,CAPITAL_FLAG,SORT_ID,STATUS_CHANGE_TIME,STATUS_CODE,DEL_FLAG,DEL_TIME) values (466,2,'1110','房山',null,'房山',null,100,to_timestamp('29-4月 -14 01.13.00.000000000 上午','DD-MON-RR HH.MI.SSXFF AM'),10,0,null);
Insert into SYS_CITY (ID,PROVINCE_ID,CITY_NO,CITY_NAME,CITY_SHORT_NAME,CITY_FULL_NAME,CAPITAL_FLAG,SORT_ID,STATUS_CHANGE_TIME,STATUS_CODE,DEL_FLAG,DEL_TIME) values (467,2,'1112','昌平',null,'昌平',null,120,to_timestamp('29-4月 -14 01.13.00.000000000 上午','DD-MON-RR HH.MI.SSXFF AM'),10,0,null);
Insert into SYS_CITY (ID,PROVINCE_ID,CITY_NO,CITY_NAME,CITY_SHORT_NAME,CITY_FULL_NAME,CAPITAL_FLAG,SORT_ID,STATUS_CHANGE_TIME,STATUS_CODE,DEL_FLAG,DEL_TIME) values (468,2,'1113','通州',null,'通州',null,130,to_timestamp('29-4月 -14 01.13.00.000000000 上午','DD-MON-RR HH.MI.SSXFF AM'),10,0,null);
Insert into SYS_CITY (ID,PROVINCE_ID,CITY_NO,CITY_NAME,CITY_SHORT_NAME,CITY_FULL_NAME,CAPITAL_FLAG,SORT_ID,STATUS_CHANGE_TIME,STATUS_CODE,DEL_FLAG,DEL_TIME) values (469,26,'5316','德宏',null,'德宏',null,160,to_timestamp('29-4月 -14 01.05.51.000000000 上午','DD-MON-RR HH.MI.SSXFF AM'),10,0,null);
Insert into SYS_CITY (ID,PROVINCE_ID,CITY_NO,CITY_NAME,CITY_SHORT_NAME,CITY_FULL_NAME,CAPITAL_FLAG,SORT_ID,STATUS_CHANGE_TIME,STATUS_CODE,DEL_FLAG,DEL_TIME) values (470,26,'5306','曲靖一',null,'曲靖一',null,60,to_timestamp('29-4月 -14 01.05.51.000000000 上午','DD-MON-RR HH.MI.SSXFF AM'),10,0,null);
Insert into SYS_CITY (ID,PROVINCE_ID,CITY_NO,CITY_NAME,CITY_SHORT_NAME,CITY_FULL_NAME,CAPITAL_FLAG,SORT_ID,STATUS_CHANGE_TIME,STATUS_CODE,DEL_FLAG,DEL_TIME) values (471,26,'5319','迪庆',null,'迪庆',null,190,to_timestamp('29-4月 -14 01.05.51.000000000 上午','DD-MON-RR HH.MI.SSXFF AM'),10,0,null);
Insert into SYS_CITY (ID,PROVINCE_ID,CITY_NO,CITY_NAME,CITY_SHORT_NAME,CITY_FULL_NAME,CAPITAL_FLAG,SORT_ID,STATUS_CHANGE_TIME,STATUS_CODE,DEL_FLAG,DEL_TIME) values (472,26,'5308','楚雄',null,'楚雄',null,80,to_timestamp('29-4月 -14 01.05.51.000000000 上午','DD-MON-RR HH.MI.SSXFF AM'),10,0,null);
Insert into SYS_CITY (ID,PROVINCE_ID,CITY_NO,CITY_NAME,CITY_SHORT_NAME,CITY_FULL_NAME,CAPITAL_FLAG,SORT_ID,STATUS_CHANGE_TIME,STATUS_CODE,DEL_FLAG,DEL_TIME) values (473,26,'5320','临沧',null,'临沧',null,200,to_timestamp('29-4月 -14 01.05.51.000000000 上午','DD-MON-RR HH.MI.SSXFF AM'),10,0,null);
Insert into SYS_CITY (ID,PROVINCE_ID,CITY_NO,CITY_NAME,CITY_SHORT_NAME,CITY_FULL_NAME,CAPITAL_FLAG,SORT_ID,STATUS_CHANGE_TIME,STATUS_CODE,DEL_FLAG,DEL_TIME) values (474,26,'5317','丽江',null,'丽江',null,170,to_timestamp('29-4月 -14 01.05.51.000000000 上午','DD-MON-RR HH.MI.SSXFF AM'),10,0,null);
Insert into SYS_CITY (ID,PROVINCE_ID,CITY_NO,CITY_NAME,CITY_SHORT_NAME,CITY_FULL_NAME,CAPITAL_FLAG,SORT_ID,STATUS_CHANGE_TIME,STATUS_CODE,DEL_FLAG,DEL_TIME) values (475,26,'5313','版纳',null,'版纳',null,130,to_timestamp('29-4月 -14 01.05.51.000000000 上午','DD-MON-RR HH.MI.SSXFF AM'),10,0,null);
Insert into SYS_CITY (ID,PROVINCE_ID,CITY_NO,CITY_NAME,CITY_SHORT_NAME,CITY_FULL_NAME,CAPITAL_FLAG,SORT_ID,STATUS_CHANGE_TIME,STATUS_CODE,DEL_FLAG,DEL_TIME) values (476,26,'5315','保山',null,'保山',null,150,to_timestamp('29-4月 -14 01.05.51.000000000 上午','DD-MON-RR HH.MI.SSXFF AM'),10,0,null);
Insert into SYS_CITY (ID,PROVINCE_ID,CITY_NO,CITY_NAME,CITY_SHORT_NAME,CITY_FULL_NAME,CAPITAL_FLAG,SORT_ID,STATUS_CHANGE_TIME,STATUS_CODE,DEL_FLAG,DEL_TIME) values (477,26,'5314','大理',null,'大理',null,140,to_timestamp('29-4月 -14 01.05.51.000000000 上午','DD-MON-RR HH.MI.SSXFF AM'),10,0,null);
Insert into SYS_CITY (ID,PROVINCE_ID,CITY_NO,CITY_NAME,CITY_SHORT_NAME,CITY_FULL_NAME,CAPITAL_FLAG,SORT_ID,STATUS_CHANGE_TIME,STATUS_CODE,DEL_FLAG,DEL_TIME) values (478,26,'5309','玉溪',null,'玉溪',null,90,to_timestamp('29-4月 -14 01.05.51.000000000 上午','DD-MON-RR HH.MI.SSXFF AM'),10,0,null);
Insert into SYS_CITY (ID,PROVINCE_ID,CITY_NO,CITY_NAME,CITY_SHORT_NAME,CITY_FULL_NAME,CAPITAL_FLAG,SORT_ID,STATUS_CHANGE_TIME,STATUS_CODE,DEL_FLAG,DEL_TIME) values (479,26,'5310','红河',null,'红河',null,100,to_timestamp('29-4月 -14 01.05.51.000000000 上午','DD-MON-RR HH.MI.SSXFF AM'),10,0,null);
Insert into SYS_CITY (ID,PROVINCE_ID,CITY_NO,CITY_NAME,CITY_SHORT_NAME,CITY_FULL_NAME,CAPITAL_FLAG,SORT_ID,STATUS_CHANGE_TIME,STATUS_CODE,DEL_FLAG,DEL_TIME) values (480,26,'5305','昭通',null,'昭通',null,50,to_timestamp('29-4月 -14 01.05.51.000000000 上午','DD-MON-RR HH.MI.SSXFF AM'),10,0,null);
Insert into SYS_CITY (ID,PROVINCE_ID,CITY_NO,CITY_NAME,CITY_SHORT_NAME,CITY_FULL_NAME,CAPITAL_FLAG,SORT_ID,STATUS_CHANGE_TIME,STATUS_CODE,DEL_FLAG,DEL_TIME) values (481,30,'6428','银川东区分中心',null,'银川东区分中心',null,64,to_timestamp('04-1月 -17 10.23.41.000000000 上午','DD-MON-RR HH.MI.SSXFF AM'),10,0,null);
Insert into SYS_CITY (ID,PROVINCE_ID,CITY_NO,CITY_NAME,CITY_SHORT_NAME,CITY_FULL_NAME,CAPITAL_FLAG,SORT_ID,STATUS_CHANGE_TIME,STATUS_CODE,DEL_FLAG,DEL_TIME) values (482,29,'6307','黄南州',null,'黄南州',null,70,to_timestamp('05-2月 -14 09.49.01.000000000 上午','DD-MON-RR HH.MI.SSXFF AM'),10,0,null);
Insert into SYS_CITY (ID,PROVINCE_ID,CITY_NO,CITY_NAME,CITY_SHORT_NAME,CITY_FULL_NAME,CAPITAL_FLAG,SORT_ID,STATUS_CHANGE_TIME,STATUS_CODE,DEL_FLAG,DEL_TIME) values (483,29,'6306','海东地区',null,'海东地区',null,60,to_timestamp('05-2月 -14 09.49.01.000000000 上午','DD-MON-RR HH.MI.SSXFF AM'),10,0,null);
Insert into SYS_CITY (ID,PROVINCE_ID,CITY_NO,CITY_NAME,CITY_SHORT_NAME,CITY_FULL_NAME,CAPITAL_FLAG,SORT_ID,STATUS_CHANGE_TIME,STATUS_CODE,DEL_FLAG,DEL_TIME) values (484,29,'6308','海南州',null,'海南州',null,80,to_timestamp('05-2月 -14 09.49.01.000000000 上午','DD-MON-RR HH.MI.SSXFF AM'),10,0,null);
Insert into SYS_CITY (ID,PROVINCE_ID,CITY_NO,CITY_NAME,CITY_SHORT_NAME,CITY_FULL_NAME,CAPITAL_FLAG,SORT_ID,STATUS_CHANGE_TIME,STATUS_CODE,DEL_FLAG,DEL_TIME) values (485,29,'6304','城北区',null,'城北区',null,40,to_timestamp('05-2月 -14 09.49.01.000000000 上午','DD-MON-RR HH.MI.SSXFF AM'),10,0,null);
Insert into SYS_CITY (ID,PROVINCE_ID,CITY_NO,CITY_NAME,CITY_SHORT_NAME,CITY_FULL_NAME,CAPITAL_FLAG,SORT_ID,STATUS_CHANGE_TIME,STATUS_CODE,DEL_FLAG,DEL_TIME) values (486,29,'6311','海北州',null,'海北州',null,110,to_timestamp('05-2月 -14 09.49.01.000000000 上午','DD-MON-RR HH.MI.SSXFF AM'),10,0,null);
Insert into SYS_CITY (ID,PROVINCE_ID,CITY_NO,CITY_NAME,CITY_SHORT_NAME,CITY_FULL_NAME,CAPITAL_FLAG,SORT_ID,STATUS_CHANGE_TIME,STATUS_CODE,DEL_FLAG,DEL_TIME) values (487,29,'6302','城东区',null,'城东区',null,20,to_timestamp('05-2月 -14 09.49.01.000000000 上午','DD-MON-RR HH.MI.SSXFF AM'),10,0,null);
Insert into SYS_CITY (ID,PROVINCE_ID,CITY_NO,CITY_NAME,CITY_SHORT_NAME,CITY_FULL_NAME,CAPITAL_FLAG,SORT_ID,STATUS_CHANGE_TIME,STATUS_CODE,DEL_FLAG,DEL_TIME) values (488,29,'6309','海西州',null,'海西州',null,90,to_timestamp('05-2月 -14 09.49.01.000000000 上午','DD-MON-RR HH.MI.SSXFF AM'),10,0,null);
Insert into SYS_CITY (ID,PROVINCE_ID,CITY_NO,CITY_NAME,CITY_SHORT_NAME,CITY_FULL_NAME,CAPITAL_FLAG,SORT_ID,STATUS_CHANGE_TIME,STATUS_CODE,DEL_FLAG,DEL_TIME) values (489,29,'6312','果洛州',null,'果洛州',null,120,to_timestamp('05-2月 -14 09.49.01.000000000 上午','DD-MON-RR HH.MI.SSXFF AM'),10,0,null);
Insert into SYS_CITY (ID,PROVINCE_ID,CITY_NO,CITY_NAME,CITY_SHORT_NAME,CITY_FULL_NAME,CAPITAL_FLAG,SORT_ID,STATUS_CHANGE_TIME,STATUS_CODE,DEL_FLAG,DEL_TIME) values (490,29,'6301','城中区',null,'城中区',null,10,to_timestamp('05-2月 -14 09.49.01.000000000 上午','DD-MON-RR HH.MI.SSXFF AM'),10,0,null);
Insert into SYS_CITY (ID,PROVINCE_ID,CITY_NO,CITY_NAME,CITY_SHORT_NAME,CITY_FULL_NAME,CAPITAL_FLAG,SORT_ID,STATUS_CHANGE_TIME,STATUS_CODE,DEL_FLAG,DEL_TIME) values (491,29,'6303','城西区',null,'城西区',null,30,to_timestamp('05-2月 -14 09.49.01.000000000 上午','DD-MON-RR HH.MI.SSXFF AM'),10,0,null);
Insert into SYS_CITY (ID,PROVINCE_ID,CITY_NO,CITY_NAME,CITY_SHORT_NAME,CITY_FULL_NAME,CAPITAL_FLAG,SORT_ID,STATUS_CHANGE_TIME,STATUS_CODE,DEL_FLAG,DEL_TIME) values (492,29,'6310','格尔木',null,'格尔木',null,100,to_timestamp('05-2月 -14 09.49.01.000000000 上午','DD-MON-RR HH.MI.SSXFF AM'),10,0,null);
Insert into SYS_CITY (ID,PROVINCE_ID,CITY_NO,CITY_NAME,CITY_SHORT_NAME,CITY_FULL_NAME,CAPITAL_FLAG,SORT_ID,STATUS_CHANGE_TIME,STATUS_CODE,DEL_FLAG,DEL_TIME) values (493,30,'6422','银川北区分中心',null,'银川北区分中心',null,1726,to_timestamp('15-10月-15 09.48.57.000000000 上午','DD-MON-RR HH.MI.SSXFF AM'),10,0,null);
Insert into SYS_CITY (ID,PROVINCE_ID,CITY_NO,CITY_NAME,CITY_SHORT_NAME,CITY_FULL_NAME,CAPITAL_FLAG,SORT_ID,STATUS_CHANGE_TIME,STATUS_CODE,DEL_FLAG,DEL_TIME) values (495,30,'6424','吴忠市分中心',null,'吴忠市分中心',null,1926,to_timestamp('15-10月-15 09.49.55.000000000 上午','DD-MON-RR HH.MI.SSXFF AM'),10,0,null);
Insert into SYS_CITY (ID,PROVINCE_ID,CITY_NO,CITY_NAME,CITY_SHORT_NAME,CITY_FULL_NAME,CAPITAL_FLAG,SORT_ID,STATUS_CHANGE_TIME,STATUS_CODE,DEL_FLAG,DEL_TIME) values (496,30,'6426','中卫市分中心',null,'中卫市分中心',null,2330,to_timestamp('15-10月-15 09.50.26.000000000 上午','DD-MON-RR HH.MI.SSXFF AM'),10,0,null);
Insert into SYS_CITY (ID,PROVINCE_ID,CITY_NO,CITY_NAME,CITY_SHORT_NAME,CITY_FULL_NAME,CAPITAL_FLAG,SORT_ID,STATUS_CHANGE_TIME,STATUS_CODE,DEL_FLAG,DEL_TIME) values (536,20,'4405','佛山',null,'佛山',null,50,to_timestamp('28-2月 -14 12.12.47.000000000 上午','DD-MON-RR HH.MI.SSXFF AM'),10,0,null);
Insert into SYS_CITY (ID,PROVINCE_ID,CITY_NO,CITY_NAME,CITY_SHORT_NAME,CITY_FULL_NAME,CAPITAL_FLAG,SORT_ID,STATUS_CHANGE_TIME,STATUS_CODE,DEL_FLAG,DEL_TIME) values (537,13,'3403','合肥三',null,'合肥三',null,30,to_timestamp('25-2月 -14 12.00.49.000000000 上午','DD-MON-RR HH.MI.SSXFF AM'),10,0,null);
Insert into SYS_CITY (ID,PROVINCE_ID,CITY_NO,CITY_NAME,CITY_SHORT_NAME,CITY_FULL_NAME,CAPITAL_FLAG,SORT_ID,STATUS_CHANGE_TIME,STATUS_CODE,DEL_FLAG,DEL_TIME) values (538,13,'3410','马鞍山',null,'马鞍山',null,70,to_timestamp('25-2月 -14 12.00.49.000000000 上午','DD-MON-RR HH.MI.SSXFF AM'),10,0,null);
Insert into SYS_CITY (ID,PROVINCE_ID,CITY_NO,CITY_NAME,CITY_SHORT_NAME,CITY_FULL_NAME,CAPITAL_FLAG,SORT_ID,STATUS_CHANGE_TIME,STATUS_CODE,DEL_FLAG,DEL_TIME) values (539,13,'3414','安庆',null,'安庆',null,100,to_timestamp('25-2月 -14 12.00.49.000000000 上午','DD-MON-RR HH.MI.SSXFF AM'),10,0,null);
Insert into SYS_CITY (ID,PROVINCE_ID,CITY_NO,CITY_NAME,CITY_SHORT_NAME,CITY_FULL_NAME,CAPITAL_FLAG,SORT_ID,STATUS_CHANGE_TIME,STATUS_CODE,DEL_FLAG,DEL_TIME) values (540,13,'3413','铜陵',null,'铜陵',null,90,to_timestamp('25-2月 -14 12.00.49.000000000 上午','DD-MON-RR HH.MI.SSXFF AM'),10,0,null);
Insert into SYS_CITY (ID,PROVINCE_ID,CITY_NO,CITY_NAME,CITY_SHORT_NAME,CITY_FULL_NAME,CAPITAL_FLAG,SORT_ID,STATUS_CHANGE_TIME,STATUS_CODE,DEL_FLAG,DEL_TIME) values (541,13,'3419','宿州',null,'宿州',null,130,to_timestamp('25-2月 -14 12.00.49.000000000 上午','DD-MON-RR HH.MI.SSXFF AM'),10,0,null);
Insert into SYS_CITY (ID,PROVINCE_ID,CITY_NO,CITY_NAME,CITY_SHORT_NAME,CITY_FULL_NAME,CAPITAL_FLAG,SORT_ID,STATUS_CHANGE_TIME,STATUS_CODE,DEL_FLAG,DEL_TIME) values (542,13,'3416','黄山',null,'黄山',null,110,to_timestamp('25-2月 -14 12.00.49.000000000 上午','DD-MON-RR HH.MI.SSXFF AM'),10,0,null);
Insert into SYS_CITY (ID,PROVINCE_ID,CITY_NO,CITY_NAME,CITY_SHORT_NAME,CITY_FULL_NAME,CAPITAL_FLAG,SORT_ID,STATUS_CHANGE_TIME,STATUS_CODE,DEL_FLAG,DEL_TIME) values (543,13,'3424','宣城',null,'宣城',null,160,to_timestamp('25-2月 -14 12.00.49.000000000 上午','DD-MON-RR HH.MI.SSXFF AM'),10,0,null);
Insert into SYS_CITY (ID,PROVINCE_ID,CITY_NO,CITY_NAME,CITY_SHORT_NAME,CITY_FULL_NAME,CAPITAL_FLAG,SORT_ID,STATUS_CHANGE_TIME,STATUS_CODE,DEL_FLAG,DEL_TIME) values (544,13,'3408','淮南',null,'淮南',null,60,to_timestamp('25-2月 -14 12.00.49.000000000 上午','DD-MON-RR HH.MI.SSXFF AM'),10,0,null);
Insert into SYS_CITY (ID,PROVINCE_ID,CITY_NO,CITY_NAME,CITY_SHORT_NAME,CITY_FULL_NAME,CAPITAL_FLAG,SORT_ID,STATUS_CHANGE_TIME,STATUS_CODE,DEL_FLAG,DEL_TIME) values (545,13,'3412','淮北',null,'淮北',null,80,to_timestamp('25-2月 -14 12.00.49.000000000 上午','DD-MON-RR HH.MI.SSXFF AM'),10,0,null);
Insert into SYS_CITY (ID,PROVINCE_ID,CITY_NO,CITY_NAME,CITY_SHORT_NAME,CITY_FULL_NAME,CAPITAL_FLAG,SORT_ID,STATUS_CHANGE_TIME,STATUS_CODE,DEL_FLAG,DEL_TIME) values (546,13,'3426','池州',null,'池州',null,180,to_timestamp('25-2月 -14 12.00.49.000000000 上午','DD-MON-RR HH.MI.SSXFF AM'),10,0,null);
Insert into SYS_CITY (ID,PROVINCE_ID,CITY_NO,CITY_NAME,CITY_SHORT_NAME,CITY_FULL_NAME,CAPITAL_FLAG,SORT_ID,STATUS_CHANGE_TIME,STATUS_CODE,DEL_FLAG,DEL_TIME) values (547,13,'3427','亳州',null,'亳州',null,190,to_timestamp('25-2月 -14 12.00.49.000000000 上午','DD-MON-RR HH.MI.SSXFF AM'),10,0,null);
Insert into SYS_CITY (ID,PROVINCE_ID,CITY_NO,CITY_NAME,CITY_SHORT_NAME,CITY_FULL_NAME,CAPITAL_FLAG,SORT_ID,STATUS_CHANGE_TIME,STATUS_CODE,DEL_FLAG,DEL_TIME) values (548,13,'3417','阜阳',null,'阜阳',null,120,to_timestamp('25-2月 -14 12.00.49.000000000 上午','DD-MON-RR HH.MI.SSXFF AM'),10,0,null);
Insert into SYS_CITY (ID,PROVINCE_ID,CITY_NO,CITY_NAME,CITY_SHORT_NAME,CITY_FULL_NAME,CAPITAL_FLAG,SORT_ID,STATUS_CHANGE_TIME,STATUS_CODE,DEL_FLAG,DEL_TIME) values (549,13,'3402','合肥二',null,'合肥二',null,20,to_timestamp('25-2月 -14 12.00.49.000000000 上午','DD-MON-RR HH.MI.SSXFF AM'),10,0,null);
Insert into SYS_CITY (ID,PROVINCE_ID,CITY_NO,CITY_NAME,CITY_SHORT_NAME,CITY_FULL_NAME,CAPITAL_FLAG,SORT_ID,STATUS_CHANGE_TIME,STATUS_CODE,DEL_FLAG,DEL_TIME) values (550,13,'3401','合肥一',null,'合肥一',null,10,to_timestamp('25-2月 -14 12.00.49.000000000 上午','DD-MON-RR HH.MI.SSXFF AM'),10,0,null);
Insert into SYS_CITY (ID,PROVINCE_ID,CITY_NO,CITY_NAME,CITY_SHORT_NAME,CITY_FULL_NAME,CAPITAL_FLAG,SORT_ID,STATUS_CHANGE_TIME,STATUS_CODE,DEL_FLAG,DEL_TIME) values (551,13,'3406','蚌埠',null,'蚌埠',null,50,to_timestamp('25-2月 -14 12.00.49.000000000 上午','DD-MON-RR HH.MI.SSXFF AM'),10,0,null);
Insert into SYS_CITY (ID,PROVINCE_ID,CITY_NO,CITY_NAME,CITY_SHORT_NAME,CITY_FULL_NAME,CAPITAL_FLAG,SORT_ID,STATUS_CHANGE_TIME,STATUS_CODE,DEL_FLAG,DEL_TIME) values (552,13,'3423','六安',null,'六安',null,150,to_timestamp('25-2月 -14 12.00.49.000000000 上午','DD-MON-RR HH.MI.SSXFF AM'),10,0,null);
Insert into SYS_CITY (ID,PROVINCE_ID,CITY_NO,CITY_NAME,CITY_SHORT_NAME,CITY_FULL_NAME,CAPITAL_FLAG,SORT_ID,STATUS_CHANGE_TIME,STATUS_CODE,DEL_FLAG,DEL_TIME) values (553,13,'3421','滁州',null,'滁州',null,140,to_timestamp('25-2月 -14 12.00.49.000000000 上午','DD-MON-RR HH.MI.SSXFF AM'),10,0,null);
Insert into SYS_CITY (ID,PROVINCE_ID,CITY_NO,CITY_NAME,CITY_SHORT_NAME,CITY_FULL_NAME,CAPITAL_FLAG,SORT_ID,STATUS_CHANGE_TIME,STATUS_CODE,DEL_FLAG,DEL_TIME) values (554,13,'3404','芜湖',null,'芜湖',null,40,to_timestamp('25-2月 -14 12.00.49.000000000 上午','DD-MON-RR HH.MI.SSXFF AM'),10,0,null);
Insert into SYS_CITY (ID,PROVINCE_ID,CITY_NO,CITY_NAME,CITY_SHORT_NAME,CITY_FULL_NAME,CAPITAL_FLAG,SORT_ID,STATUS_CHANGE_TIME,STATUS_CODE,DEL_FLAG,DEL_TIME) values (555,13,'3429','省直属',null,'省直属',null,210,to_timestamp('25-2月 -14 12.00.49.000000000 上午','DD-MON-RR HH.MI.SSXFF AM'),10,0,null);
Insert into SYS_CITY (ID,PROVINCE_ID,CITY_NO,CITY_NAME,CITY_SHORT_NAME,CITY_FULL_NAME,CAPITAL_FLAG,SORT_ID,STATUS_CHANGE_TIME,STATUS_CODE,DEL_FLAG,DEL_TIME) values (556,6,'1500','内蒙直属',null,'内蒙直属',null,10,to_timestamp('19-12月-13 12.43.26.000000000 上午','DD-MON-RR HH.MI.SSXFF AM'),10,0,null);
Insert into SYS_CITY (ID,PROVINCE_ID,CITY_NO,CITY_NAME,CITY_SHORT_NAME,CITY_FULL_NAME,CAPITAL_FLAG,SORT_ID,STATUS_CHANGE_TIME,STATUS_CODE,DEL_FLAG,DEL_TIME) values (557,6,'1501','呼和浩特',null,'呼和浩特',null,1616,to_timestamp('20-10月-15 10.37.38.000000000 上午','DD-MON-RR HH.MI.SSXFF AM'),10,0,null);
Insert into SYS_CITY (ID,PROVINCE_ID,CITY_NO,CITY_NAME,CITY_SHORT_NAME,CITY_FULL_NAME,CAPITAL_FLAG,SORT_ID,STATUS_CHANGE_TIME,STATUS_CODE,DEL_FLAG,DEL_TIME) values (558,6,'1502','包头',null,'包头',null,30,to_timestamp('19-12月-13 12.43.26.000000000 上午','DD-MON-RR HH.MI.SSXFF AM'),10,0,null);
Insert into SYS_CITY (ID,PROVINCE_ID,CITY_NO,CITY_NAME,CITY_SHORT_NAME,CITY_FULL_NAME,CAPITAL_FLAG,SORT_ID,STATUS_CHANGE_TIME,STATUS_CODE,DEL_FLAG,DEL_TIME) values (559,6,'1507','呼伦贝尔',null,'呼伦贝尔',null,1816,to_timestamp('20-10月-15 10.37.53.000000000 上午','DD-MON-RR HH.MI.SSXFF AM'),10,0,null);
Insert into SYS_CITY (ID,PROVINCE_ID,CITY_NO,CITY_NAME,CITY_SHORT_NAME,CITY_FULL_NAME,CAPITAL_FLAG,SORT_ID,STATUS_CHANGE_TIME,STATUS_CODE,DEL_FLAG,DEL_TIME) values (560,6,'1522','兴安盟',null,'兴安盟',null,50,to_timestamp('19-12月-13 12.43.26.000000000 上午','DD-MON-RR HH.MI.SSXFF AM'),10,0,null);
Insert into SYS_CITY (ID,PROVINCE_ID,CITY_NO,CITY_NAME,CITY_SHORT_NAME,CITY_FULL_NAME,CAPITAL_FLAG,SORT_ID,STATUS_CHANGE_TIME,STATUS_CODE,DEL_FLAG,DEL_TIME) values (561,6,'1505','通辽',null,'通辽',null,60,to_timestamp('19-12月-13 12.43.26.000000000 上午','DD-MON-RR HH.MI.SSXFF AM'),10,0,null);
Insert into SYS_CITY (ID,PROVINCE_ID,CITY_NO,CITY_NAME,CITY_SHORT_NAME,CITY_FULL_NAME,CAPITAL_FLAG,SORT_ID,STATUS_CHANGE_TIME,STATUS_CODE,DEL_FLAG,DEL_TIME) values (562,6,'1504','赤峰',null,'赤峰',null,70,to_timestamp('19-12月-13 12.43.26.000000000 上午','DD-MON-RR HH.MI.SSXFF AM'),10,0,null);
Insert into SYS_CITY (ID,PROVINCE_ID,CITY_NO,CITY_NAME,CITY_SHORT_NAME,CITY_FULL_NAME,CAPITAL_FLAG,SORT_ID,STATUS_CHANGE_TIME,STATUS_CODE,DEL_FLAG,DEL_TIME) values (563,6,'1525','锡林郭勒',null,'锡林郭勒',null,2216,to_timestamp('20-10月-15 10.38.07.000000000 上午','DD-MON-RR HH.MI.SSXFF AM'),10,0,null);
Insert into SYS_CITY (ID,PROVINCE_ID,CITY_NO,CITY_NAME,CITY_SHORT_NAME,CITY_FULL_NAME,CAPITAL_FLAG,SORT_ID,STATUS_CHANGE_TIME,STATUS_CODE,DEL_FLAG,DEL_TIME) values (564,6,'1509','乌兰察布',null,'乌兰察布',null,2316,to_timestamp('20-10月-15 10.38.16.000000000 上午','DD-MON-RR HH.MI.SSXFF AM'),10,0,null);
Insert into SYS_CITY (ID,PROVINCE_ID,CITY_NO,CITY_NAME,CITY_SHORT_NAME,CITY_FULL_NAME,CAPITAL_FLAG,SORT_ID,STATUS_CHANGE_TIME,STATUS_CODE,DEL_FLAG,DEL_TIME) values (565,6,'1506','鄂尔多斯',null,'鄂尔多斯',null,2416,to_timestamp('20-10月-15 10.38.27.000000000 上午','DD-MON-RR HH.MI.SSXFF AM'),10,0,null);
Insert into SYS_CITY (ID,PROVINCE_ID,CITY_NO,CITY_NAME,CITY_SHORT_NAME,CITY_FULL_NAME,CAPITAL_FLAG,SORT_ID,STATUS_CHANGE_TIME,STATUS_CODE,DEL_FLAG,DEL_TIME) values (566,6,'1508','巴彦淖尔',null,'巴彦淖尔',null,2516,to_timestamp('20-10月-15 10.38.38.000000000 上午','DD-MON-RR HH.MI.SSXFF AM'),10,0,null);
Insert into SYS_CITY (ID,PROVINCE_ID,CITY_NO,CITY_NAME,CITY_SHORT_NAME,CITY_FULL_NAME,CAPITAL_FLAG,SORT_ID,STATUS_CHANGE_TIME,STATUS_CODE,DEL_FLAG,DEL_TIME) values (567,6,'1503','乌海',null,'乌海',null,120,to_timestamp('19-12月-13 12.43.26.000000000 上午','DD-MON-RR HH.MI.SSXFF AM'),10,0,null);
Insert into SYS_CITY (ID,PROVINCE_ID,CITY_NO,CITY_NAME,CITY_SHORT_NAME,CITY_FULL_NAME,CAPITAL_FLAG,SORT_ID,STATUS_CHANGE_TIME,STATUS_CODE,DEL_FLAG,DEL_TIME) values (568,6,'1529','阿拉善',null,'阿拉善',null,2716,to_timestamp('20-10月-15 10.38.54.000000000 上午','DD-MON-RR HH.MI.SSXFF AM'),10,0,null);
Insert into SYS_CITY (ID,PROVINCE_ID,CITY_NO,CITY_NAME,CITY_SHORT_NAME,CITY_FULL_NAME,CAPITAL_FLAG,SORT_ID,STATUS_CHANGE_TIME,STATUS_CODE,DEL_FLAG,DEL_TIME) values (569,6,'1526','二连浩特',null,'二连浩特',null,140,to_timestamp('19-12月-13 12.43.26.000000000 上午','DD-MON-RR HH.MI.SSXFF AM'),10,0,null);
Insert into SYS_CITY (ID,PROVINCE_ID,CITY_NO,CITY_NAME,CITY_SHORT_NAME,CITY_FULL_NAME,CAPITAL_FLAG,SORT_ID,STATUS_CHANGE_TIME,STATUS_CODE,DEL_FLAG,DEL_TIME) values (570,6,'1527','满洲里',null,'满洲里',null,150,to_timestamp('19-12月-13 12.43.26.000000000 上午','DD-MON-RR HH.MI.SSXFF AM'),10,0,null);
Insert into SYS_CITY (ID,PROVINCE_ID,CITY_NO,CITY_NAME,CITY_SHORT_NAME,CITY_FULL_NAME,CAPITAL_FLAG,SORT_ID,STATUS_CHANGE_TIME,STATUS_CODE,DEL_FLAG,DEL_TIME) values (571,23,'5039','开县',null,'开县',null,27618,to_timestamp('05-5月 -14 02.02.41.000000000 下午','DD-MON-RR HH.MI.SSXFF AM'),10,0,null);
Insert into SYS_CITY (ID,PROVINCE_ID,CITY_NO,CITY_NAME,CITY_SHORT_NAME,CITY_FULL_NAME,CAPITAL_FLAG,SORT_ID,STATUS_CHANGE_TIME,STATUS_CODE,DEL_FLAG,DEL_TIME) values (497,30,'6425','固原市分中心',null,'固原市分中心',null,2026,to_timestamp('15-10月-15 09.50.11.000000000 上午','DD-MON-RR HH.MI.SSXFF AM'),10,0,null);
Insert into SYS_CITY (ID,PROVINCE_ID,CITY_NO,CITY_NAME,CITY_SHORT_NAME,CITY_FULL_NAME,CAPITAL_FLAG,SORT_ID,STATUS_CHANGE_TIME,STATUS_CODE,DEL_FLAG,DEL_TIME) values (498,30,'6423','石嘴山市分中心',null,'石嘴山市分中心',null,1826,to_timestamp('15-10月-15 09.49.35.000000000 上午','DD-MON-RR HH.MI.SSXFF AM'),10,0,null);
Insert into SYS_CITY (ID,PROVINCE_ID,CITY_NO,CITY_NAME,CITY_SHORT_NAME,CITY_FULL_NAME,CAPITAL_FLAG,SORT_ID,STATUS_CHANGE_TIME,STATUS_CODE,DEL_FLAG,DEL_TIME) values (499,30,'6427','银川南区分中心',null,'银川南区分中心',null,4330,to_timestamp('15-10月-15 09.49.15.000000000 上午','DD-MON-RR HH.MI.SSXFF AM'),10,0,null);
Insert into SYS_CITY (ID,PROVINCE_ID,CITY_NO,CITY_NAME,CITY_SHORT_NAME,CITY_FULL_NAME,CAPITAL_FLAG,SORT_ID,STATUS_CHANGE_TIME,STATUS_CODE,DEL_FLAG,DEL_TIME) values (500,8,'2219','公主岭市',null,'公主岭市',null,7022,to_timestamp('29-10月-15 02.59.10.000000000 下午','DD-MON-RR HH.MI.SSXFF AM'),10,0,null);
Insert into SYS_CITY (ID,PROVINCE_ID,CITY_NO,CITY_NAME,CITY_SHORT_NAME,CITY_FULL_NAME,CAPITAL_FLAG,SORT_ID,STATUS_CHANGE_TIME,STATUS_CODE,DEL_FLAG,DEL_TIME) values (501,15,'3617','鹰潭',null,'鹰潭',null,120,to_timestamp('24-2月 -14 11.53.10.000000000 下午','DD-MON-RR HH.MI.SSXFF AM'),10,0,null);
Insert into SYS_CITY (ID,PROVINCE_ID,CITY_NO,CITY_NAME,CITY_SHORT_NAME,CITY_FULL_NAME,CAPITAL_FLAG,SORT_ID,STATUS_CHANGE_TIME,STATUS_CODE,DEL_FLAG,DEL_TIME) values (502,15,'3608','上饶',null,'上饶',null,60,to_timestamp('24-2月 -14 11.53.10.000000000 下午','DD-MON-RR HH.MI.SSXFF AM'),10,0,null);
Insert into SYS_CITY (ID,PROVINCE_ID,CITY_NO,CITY_NAME,CITY_SHORT_NAME,CITY_FULL_NAME,CAPITAL_FLAG,SORT_ID,STATUS_CHANGE_TIME,STATUS_CODE,DEL_FLAG,DEL_TIME) values (503,15,'3604','九江',null,'九江',null,40,to_timestamp('24-2月 -14 11.53.10.000000000 下午','DD-MON-RR HH.MI.SSXFF AM'),10,0,null);
Insert into SYS_CITY (ID,PROVINCE_ID,CITY_NO,CITY_NAME,CITY_SHORT_NAME,CITY_FULL_NAME,CAPITAL_FLAG,SORT_ID,STATUS_CHANGE_TIME,STATUS_CODE,DEL_FLAG,DEL_TIME) values (504,15,'3606','赣州',null,'赣州',null,50,to_timestamp('24-2月 -14 11.53.10.000000000 下午','DD-MON-RR HH.MI.SSXFF AM'),10,0,null);
Insert into SYS_CITY (ID,PROVINCE_ID,CITY_NO,CITY_NAME,CITY_SHORT_NAME,CITY_FULL_NAME,CAPITAL_FLAG,SORT_ID,STATUS_CHANGE_TIME,STATUS_CODE,DEL_FLAG,DEL_TIME) values (505,15,'3601','南昌',null,'南昌',null,10,to_timestamp('24-2月 -14 11.53.10.000000000 下午','DD-MON-RR HH.MI.SSXFF AM'),10,0,null);
Insert into SYS_CITY (ID,PROVINCE_ID,CITY_NO,CITY_NAME,CITY_SHORT_NAME,CITY_FULL_NAME,CAPITAL_FLAG,SORT_ID,STATUS_CHANGE_TIME,STATUS_CODE,DEL_FLAG,DEL_TIME) values (506,15,'3612','抚州',null,'抚州',null,80,to_timestamp('24-2月 -14 11.53.10.000000000 下午','DD-MON-RR HH.MI.SSXFF AM'),10,0,null);
Insert into SYS_CITY (ID,PROVINCE_ID,CITY_NO,CITY_NAME,CITY_SHORT_NAME,CITY_FULL_NAME,CAPITAL_FLAG,SORT_ID,STATUS_CHANGE_TIME,STATUS_CODE,DEL_FLAG,DEL_TIME) values (507,15,'3603','景德镇',null,'景德镇',null,20,to_timestamp('24-2月 -14 11.53.10.000000000 下午','DD-MON-RR HH.MI.SSXFF AM'),10,0,null);
Insert into SYS_CITY (ID,PROVINCE_ID,CITY_NO,CITY_NAME,CITY_SHORT_NAME,CITY_FULL_NAME,CAPITAL_FLAG,SORT_ID,STATUS_CHANGE_TIME,STATUS_CODE,DEL_FLAG,DEL_TIME) values (508,15,'3610','吉安',null,'吉安',null,70,to_timestamp('24-2月 -14 11.53.10.000000000 下午','DD-MON-RR HH.MI.SSXFF AM'),10,0,null);
Insert into SYS_CITY (ID,PROVINCE_ID,CITY_NO,CITY_NAME,CITY_SHORT_NAME,CITY_FULL_NAME,CAPITAL_FLAG,SORT_ID,STATUS_CHANGE_TIME,STATUS_CODE,DEL_FLAG,DEL_TIME) values (509,15,'3618','新余',null,'新余',null,140,to_timestamp('24-2月 -14 11.53.10.000000000 下午','DD-MON-RR HH.MI.SSXFF AM'),10,0,null);
Insert into SYS_CITY (ID,PROVINCE_ID,CITY_NO,CITY_NAME,CITY_SHORT_NAME,CITY_FULL_NAME,CAPITAL_FLAG,SORT_ID,STATUS_CHANGE_TIME,STATUS_CODE,DEL_FLAG,DEL_TIME) values (510,15,'3614','宜春',null,'宜春',null,90,to_timestamp('24-2月 -14 11.53.10.000000000 下午','DD-MON-RR HH.MI.SSXFF AM'),10,0,null);
Insert into SYS_CITY (ID,PROVINCE_ID,CITY_NO,CITY_NAME,CITY_SHORT_NAME,CITY_FULL_NAME,CAPITAL_FLAG,SORT_ID,STATUS_CHANGE_TIME,STATUS_CODE,DEL_FLAG,DEL_TIME) values (511,15,'3616','萍乡',null,'萍乡',null,100,to_timestamp('24-2月 -14 11.53.10.000000000 下午','DD-MON-RR HH.MI.SSXFF AM'),10,0,null);
Insert into SYS_CITY (ID,PROVINCE_ID,CITY_NO,CITY_NAME,CITY_SHORT_NAME,CITY_FULL_NAME,CAPITAL_FLAG,SORT_ID,STATUS_CHANGE_TIME,STATUS_CODE,DEL_FLAG,DEL_TIME) values (512,15,'3620','省直',null,'省直',null,150,to_timestamp('24-2月 -14 11.53.10.000000000 下午','DD-MON-RR HH.MI.SSXFF AM'),10,0,null);
Insert into SYS_CITY (ID,PROVINCE_ID,CITY_NO,CITY_NAME,CITY_SHORT_NAME,CITY_FULL_NAME,CAPITAL_FLAG,SORT_ID,STATUS_CHANGE_TIME,STATUS_CODE,DEL_FLAG,DEL_TIME) values (513,20,'4415','阳江',null,'阳江',null,150,to_timestamp('28-2月 -14 12.12.47.000000000 上午','DD-MON-RR HH.MI.SSXFF AM'),10,0,null);
Insert into SYS_CITY (ID,PROVINCE_ID,CITY_NO,CITY_NAME,CITY_SHORT_NAME,CITY_FULL_NAME,CAPITAL_FLAG,SORT_ID,STATUS_CHANGE_TIME,STATUS_CODE,DEL_FLAG,DEL_TIME) values (514,20,'4404','汕头',null,'汕头',null,40,to_timestamp('28-2月 -14 12.12.47.000000000 上午','DD-MON-RR HH.MI.SSXFF AM'),10,0,null);
Insert into SYS_CITY (ID,PROVINCE_ID,CITY_NO,CITY_NAME,CITY_SHORT_NAME,CITY_FULL_NAME,CAPITAL_FLAG,SORT_ID,STATUS_CHANGE_TIME,STATUS_CODE,DEL_FLAG,DEL_TIME) values (515,20,'4422','顺德',null,'顺德',null,220,to_timestamp('28-2月 -14 12.12.47.000000000 上午','DD-MON-RR HH.MI.SSXFF AM'),10,0,null);
Insert into SYS_CITY (ID,PROVINCE_ID,CITY_NO,CITY_NAME,CITY_SHORT_NAME,CITY_FULL_NAME,CAPITAL_FLAG,SORT_ID,STATUS_CHANGE_TIME,STATUS_CODE,DEL_FLAG,DEL_TIME) values (516,20,'4406','韶关',null,'韶关',null,60,to_timestamp('28-2月 -14 12.12.47.000000000 上午','DD-MON-RR HH.MI.SSXFF AM'),10,0,null);
Insert into SYS_CITY (ID,PROVINCE_ID,CITY_NO,CITY_NAME,CITY_SHORT_NAME,CITY_FULL_NAME,CAPITAL_FLAG,SORT_ID,STATUS_CHANGE_TIME,STATUS_CODE,DEL_FLAG,DEL_TIME) values (517,20,'4419','潮州',null,'潮州',null,190,to_timestamp('28-2月 -14 12.12.47.000000000 上午','DD-MON-RR HH.MI.SSXFF AM'),10,0,null);
Insert into SYS_CITY (ID,PROVINCE_ID,CITY_NO,CITY_NAME,CITY_SHORT_NAME,CITY_FULL_NAME,CAPITAL_FLAG,SORT_ID,STATUS_CHANGE_TIME,STATUS_CODE,DEL_FLAG,DEL_TIME) values (518,20,'4418','中山',null,'中山',null,180,to_timestamp('28-2月 -14 12.12.47.000000000 上午','DD-MON-RR HH.MI.SSXFF AM'),10,0,null);
Insert into SYS_CITY (ID,PROVINCE_ID,CITY_NO,CITY_NAME,CITY_SHORT_NAME,CITY_FULL_NAME,CAPITAL_FLAG,SORT_ID,STATUS_CHANGE_TIME,STATUS_CODE,DEL_FLAG,DEL_TIME) values (519,20,'4403','珠海',null,'珠海',null,30,to_timestamp('28-2月 -14 12.12.47.000000000 上午','DD-MON-RR HH.MI.SSXFF AM'),10,0,null);
Insert into SYS_CITY (ID,PROVINCE_ID,CITY_NO,CITY_NAME,CITY_SHORT_NAME,CITY_FULL_NAME,CAPITAL_FLAG,SORT_ID,STATUS_CHANGE_TIME,STATUS_CODE,DEL_FLAG,DEL_TIME) values (520,20,'4401','广州',null,'广州',null,10,to_timestamp('28-2月 -14 12.12.47.000000000 上午','DD-MON-RR HH.MI.SSXFF AM'),10,0,null);
Insert into SYS_CITY (ID,PROVINCE_ID,CITY_NO,CITY_NAME,CITY_SHORT_NAME,CITY_FULL_NAME,CAPITAL_FLAG,SORT_ID,STATUS_CHANGE_TIME,STATUS_CODE,DEL_FLAG,DEL_TIME) values (521,20,'4409','江门',null,'江门',null,90,to_timestamp('28-2月 -14 12.12.47.000000000 上午','DD-MON-RR HH.MI.SSXFF AM'),10,0,null);
Insert into SYS_CITY (ID,PROVINCE_ID,CITY_NO,CITY_NAME,CITY_SHORT_NAME,CITY_FULL_NAME,CAPITAL_FLAG,SORT_ID,STATUS_CHANGE_TIME,STATUS_CODE,DEL_FLAG,DEL_TIME) values (522,20,'4413','汕尾',null,'汕尾',null,130,to_timestamp('28-2月 -14 12.12.47.000000000 上午','DD-MON-RR HH.MI.SSXFF AM'),10,0,null);
Insert into SYS_CITY (ID,PROVINCE_ID,CITY_NO,CITY_NAME,CITY_SHORT_NAME,CITY_FULL_NAME,CAPITAL_FLAG,SORT_ID,STATUS_CHANGE_TIME,STATUS_CODE,DEL_FLAG,DEL_TIME) values (523,20,'4410','茂名',null,'茂名',null,100,to_timestamp('28-2月 -14 12.12.47.000000000 上午','DD-MON-RR HH.MI.SSXFF AM'),10,0,null);
Insert into SYS_CITY (ID,PROVINCE_ID,CITY_NO,CITY_NAME,CITY_SHORT_NAME,CITY_FULL_NAME,CAPITAL_FLAG,SORT_ID,STATUS_CHANGE_TIME,STATUS_CODE,DEL_FLAG,DEL_TIME) values (524,20,'4414','河源',null,'河源',null,140,to_timestamp('28-2月 -14 12.12.47.000000000 上午','DD-MON-RR HH.MI.SSXFF AM'),10,0,null);
Insert into SYS_CITY (ID,PROVINCE_ID,CITY_NO,CITY_NAME,CITY_SHORT_NAME,CITY_FULL_NAME,CAPITAL_FLAG,SORT_ID,STATUS_CHANGE_TIME,STATUS_CODE,DEL_FLAG,DEL_TIME) values (525,20,'4423','省中心',null,'省中心',null,230,to_timestamp('28-2月 -14 12.12.47.000000000 上午','DD-MON-RR HH.MI.SSXFF AM'),10,0,null);
Insert into SYS_CITY (ID,PROVINCE_ID,CITY_NO,CITY_NAME,CITY_SHORT_NAME,CITY_FULL_NAME,CAPITAL_FLAG,SORT_ID,STATUS_CHANGE_TIME,STATUS_CODE,DEL_FLAG,DEL_TIME) values (526,20,'4402','深圳',null,'深圳',null,20,to_timestamp('28-2月 -14 12.12.47.000000000 上午','DD-MON-RR HH.MI.SSXFF AM'),10,0,null);
Insert into SYS_CITY (ID,PROVINCE_ID,CITY_NO,CITY_NAME,CITY_SHORT_NAME,CITY_FULL_NAME,CAPITAL_FLAG,SORT_ID,STATUS_CHANGE_TIME,STATUS_CODE,DEL_FLAG,DEL_TIME) values (527,20,'4411','惠州',null,'惠州',null,110,to_timestamp('28-2月 -14 12.12.47.000000000 上午','DD-MON-RR HH.MI.SSXFF AM'),10,0,null);
Insert into SYS_CITY (ID,PROVINCE_ID,CITY_NO,CITY_NAME,CITY_SHORT_NAME,CITY_FULL_NAME,CAPITAL_FLAG,SORT_ID,STATUS_CHANGE_TIME,STATUS_CODE,DEL_FLAG,DEL_TIME) values (528,20,'4407','湛江',null,'湛江',null,70,to_timestamp('28-2月 -14 12.12.47.000000000 上午','DD-MON-RR HH.MI.SSXFF AM'),10,0,null);
Insert into SYS_CITY (ID,PROVINCE_ID,CITY_NO,CITY_NAME,CITY_SHORT_NAME,CITY_FULL_NAME,CAPITAL_FLAG,SORT_ID,STATUS_CHANGE_TIME,STATUS_CODE,DEL_FLAG,DEL_TIME) values (529,20,'4412','梅州',null,'梅州',null,120,to_timestamp('28-2月 -14 12.12.47.000000000 上午','DD-MON-RR HH.MI.SSXFF AM'),10,0,null);
Insert into SYS_CITY (ID,PROVINCE_ID,CITY_NO,CITY_NAME,CITY_SHORT_NAME,CITY_FULL_NAME,CAPITAL_FLAG,SORT_ID,STATUS_CHANGE_TIME,STATUS_CODE,DEL_FLAG,DEL_TIME) values (530,20,'4421','云浮',null,'云浮',null,210,to_timestamp('28-2月 -14 12.12.47.000000000 上午','DD-MON-RR HH.MI.SSXFF AM'),10,0,null);
Insert into SYS_CITY (ID,PROVINCE_ID,CITY_NO,CITY_NAME,CITY_SHORT_NAME,CITY_FULL_NAME,CAPITAL_FLAG,SORT_ID,STATUS_CHANGE_TIME,STATUS_CODE,DEL_FLAG,DEL_TIME) values (531,20,'4420','揭阳',null,'揭阳',null,200,to_timestamp('28-2月 -14 12.12.47.000000000 上午','DD-MON-RR HH.MI.SSXFF AM'),10,0,null);
Insert into SYS_CITY (ID,PROVINCE_ID,CITY_NO,CITY_NAME,CITY_SHORT_NAME,CITY_FULL_NAME,CAPITAL_FLAG,SORT_ID,STATUS_CHANGE_TIME,STATUS_CODE,DEL_FLAG,DEL_TIME) values (533,20,'4408','肇庆',null,'肇庆',null,80,to_timestamp('28-2月 -14 12.12.47.000000000 上午','DD-MON-RR HH.MI.SSXFF AM'),10,0,null);
Insert into SYS_CITY (ID,PROVINCE_ID,CITY_NO,CITY_NAME,CITY_SHORT_NAME,CITY_FULL_NAME,CAPITAL_FLAG,SORT_ID,STATUS_CHANGE_TIME,STATUS_CODE,DEL_FLAG,DEL_TIME) values (534,20,'4417','东莞',null,'东莞',null,170,to_timestamp('28-2月 -14 12.12.47.000000000 上午','DD-MON-RR HH.MI.SSXFF AM'),10,0,null);
Insert into SYS_CITY (ID,PROVINCE_ID,CITY_NO,CITY_NAME,CITY_SHORT_NAME,CITY_FULL_NAME,CAPITAL_FLAG,SORT_ID,STATUS_CHANGE_TIME,STATUS_CODE,DEL_FLAG,DEL_TIME) values (535,20,'4416','清远',null,'清远',null,160,to_timestamp('28-2月 -14 12.12.47.000000000 上午','DD-MON-RR HH.MI.SSXFF AM'),10,0,null);
Insert into SYS_CITY (ID,PROVINCE_ID,CITY_NO,CITY_NAME,CITY_SHORT_NAME,CITY_FULL_NAME,CAPITAL_FLAG,SORT_ID,STATUS_CHANGE_TIME,STATUS_CODE,DEL_FLAG,DEL_TIME) values (1,24,'5133','甘孜州',null,'甘孜州',null,2107,to_timestamp('26-11月-15 10.43.56.000000000 上午','DD-MON-RR HH.MI.SSXFF AM'),10,0,null);
Insert into SYS_CITY (ID,PROVINCE_ID,CITY_NO,CITY_NAME,CITY_SHORT_NAME,CITY_FULL_NAME,CAPITAL_FLAG,SORT_ID,STATUS_CHANGE_TIME,STATUS_CODE,DEL_FLAG,DEL_TIME) values (2,24,'5113','南充市',null,'南充市',null,1407,to_timestamp('02-12月-15 10.38.09.000000000 下午','DD-MON-RR HH.MI.SSXFF AM'),10,0,null);
Insert into SYS_CITY (ID,PROVINCE_ID,CITY_NO,CITY_NAME,CITY_SHORT_NAME,CITY_FULL_NAME,CAPITAL_FLAG,SORT_ID,STATUS_CHANGE_TIME,STATUS_CODE,DEL_FLAG,DEL_TIME) values (3,24,'5104','攀枝花市',null,'攀枝花市',null,1607,to_timestamp('02-12月-15 10.36.42.000000000 下午','DD-MON-RR HH.MI.SSXFF AM'),10,0,null);
Insert into SYS_CITY (ID,PROVINCE_ID,CITY_NO,CITY_NAME,CITY_SHORT_NAME,CITY_FULL_NAME,CAPITAL_FLAG,SORT_ID,STATUS_CHANGE_TIME,STATUS_CODE,DEL_FLAG,DEL_TIME) values (4,24,'5121','成都市北区',null,'成都市北区',null,210,to_timestamp('25-4月 -14 01.23.41.000000000 上午','DD-MON-RR HH.MI.SSXFF AM'),10,0,null);
Insert into SYS_CITY (ID,PROVINCE_ID,CITY_NO,CITY_NAME,CITY_SHORT_NAME,CITY_FULL_NAME,CAPITAL_FLAG,SORT_ID,STATUS_CHANGE_TIME,STATUS_CODE,DEL_FLAG,DEL_TIME) values (5,24,'5120','资阳市',null,'资阳市',null,907,to_timestamp('02-12月-15 10.39.14.000000000 下午','DD-MON-RR HH.MI.SSXFF AM'),10,0,null);
Insert into SYS_CITY (ID,PROVINCE_ID,CITY_NO,CITY_NAME,CITY_SHORT_NAME,CITY_FULL_NAME,CAPITAL_FLAG,SORT_ID,STATUS_CHANGE_TIME,STATUS_CODE,DEL_FLAG,DEL_TIME) values (6,24,'5108','广元市',null,'广元市',null,1807,to_timestamp('02-12月-15 10.37.29.000000000 下午','DD-MON-RR HH.MI.SSXFF AM'),10,0,null);
Insert into SYS_CITY (ID,PROVINCE_ID,CITY_NO,CITY_NAME,CITY_SHORT_NAME,CITY_FULL_NAME,CAPITAL_FLAG,SORT_ID,STATUS_CHANGE_TIME,STATUS_CODE,DEL_FLAG,DEL_TIME) values (7,24,'5111','乐山市',null,'乐山市',null,507,to_timestamp('02-12月-15 10.37.59.000000000 下午','DD-MON-RR HH.MI.SSXFF AM'),10,0,null);
Insert into SYS_CITY (ID,PROVINCE_ID,CITY_NO,CITY_NAME,CITY_SHORT_NAME,CITY_FULL_NAME,CAPITAL_FLAG,SORT_ID,STATUS_CHANGE_TIME,STATUS_CODE,DEL_FLAG,DEL_TIME) values (8,24,'5103','自贡市',null,'自贡市',null,1007,to_timestamp('02-12月-15 10.36.31.000000000 下午','DD-MON-RR HH.MI.SSXFF AM'),10,0,null);
Insert into SYS_CITY (ID,PROVINCE_ID,CITY_NO,CITY_NAME,CITY_SHORT_NAME,CITY_FULL_NAME,CAPITAL_FLAG,SORT_ID,STATUS_CHANGE_TIME,STATUS_CODE,DEL_FLAG,DEL_TIME) values (9,32,'5402','拉萨',null,'拉萨',null,5402,to_timestamp('25-4月 -14 01.23.03.000000000 上午','DD-MON-RR HH.MI.SSXFF AM'),10,0,null);
Insert into SYS_CITY (ID,PROVINCE_ID,CITY_NO,CITY_NAME,CITY_SHORT_NAME,CITY_FULL_NAME,CAPITAL_FLAG,SORT_ID,STATUS_CHANGE_TIME,STATUS_CODE,DEL_FLAG,DEL_TIME) values (10,26,'5300','省中心',null,null,null,53,to_timestamp('12-9月 -14 02.26.28.000000000 下午','DD-MON-RR HH.MI.SSXFF AM'),10,0,null);
Insert into SYS_CITY (ID,PROVINCE_ID,CITY_NO,CITY_NAME,CITY_SHORT_NAME,CITY_FULL_NAME,CAPITAL_FLAG,SORT_ID,STATUS_CHANGE_TIME,STATUS_CODE,DEL_FLAG,DEL_TIME) values (12,4,'1301','石家庄',null,'石家庄',null,10,to_timestamp('17-10月-13 02.26.25.000000000 上午','DD-MON-RR HH.MI.SSXFF AM'),10,0,null);
Insert into SYS_CITY (ID,PROVINCE_ID,CITY_NO,CITY_NAME,CITY_SHORT_NAME,CITY_FULL_NAME,CAPITAL_FLAG,SORT_ID,STATUS_CHANGE_TIME,STATUS_CODE,DEL_FLAG,DEL_TIME) values (13,4,'1302','唐山',null,'唐山',null,20,to_timestamp('17-10月-13 02.26.25.000000000 上午','DD-MON-RR HH.MI.SSXFF AM'),10,0,null);
Insert into SYS_CITY (ID,PROVINCE_ID,CITY_NO,CITY_NAME,CITY_SHORT_NAME,CITY_FULL_NAME,CAPITAL_FLAG,SORT_ID,STATUS_CHANGE_TIME,STATUS_CODE,DEL_FLAG,DEL_TIME) values (14,4,'1303','秦皇岛',null,'秦皇岛',null,30,to_timestamp('17-10月-13 02.26.25.000000000 上午','DD-MON-RR HH.MI.SSXFF AM'),10,0,null);
Insert into SYS_CITY (ID,PROVINCE_ID,CITY_NO,CITY_NAME,CITY_SHORT_NAME,CITY_FULL_NAME,CAPITAL_FLAG,SORT_ID,STATUS_CHANGE_TIME,STATUS_CODE,DEL_FLAG,DEL_TIME) values (15,4,'1304','邯郸',null,'邯郸',null,40,to_timestamp('17-10月-13 02.26.25.000000000 上午','DD-MON-RR HH.MI.SSXFF AM'),10,0,null);
Insert into SYS_CITY (ID,PROVINCE_ID,CITY_NO,CITY_NAME,CITY_SHORT_NAME,CITY_FULL_NAME,CAPITAL_FLAG,SORT_ID,STATUS_CHANGE_TIME,STATUS_CODE,DEL_FLAG,DEL_TIME) values (16,4,'1305','邢台',null,'邢台',null,50,to_timestamp('17-10月-13 02.26.25.000000000 上午','DD-MON-RR HH.MI.SSXFF AM'),10,0,null);
Insert into SYS_CITY (ID,PROVINCE_ID,CITY_NO,CITY_NAME,CITY_SHORT_NAME,CITY_FULL_NAME,CAPITAL_FLAG,SORT_ID,STATUS_CHANGE_TIME,STATUS_CODE,DEL_FLAG,DEL_TIME) values (17,4,'1306','保定',null,'保定',null,60,to_timestamp('17-10月-13 02.26.25.000000000 上午','DD-MON-RR HH.MI.SSXFF AM'),10,0,null);
Insert into SYS_CITY (ID,PROVINCE_ID,CITY_NO,CITY_NAME,CITY_SHORT_NAME,CITY_FULL_NAME,CAPITAL_FLAG,SORT_ID,STATUS_CHANGE_TIME,STATUS_CODE,DEL_FLAG,DEL_TIME) values (18,4,'1307','张家口',null,'张家口',null,70,to_timestamp('17-10月-13 02.26.25.000000000 上午','DD-MON-RR HH.MI.SSXFF AM'),10,0,null);
Insert into SYS_CITY (ID,PROVINCE_ID,CITY_NO,CITY_NAME,CITY_SHORT_NAME,CITY_FULL_NAME,CAPITAL_FLAG,SORT_ID,STATUS_CHANGE_TIME,STATUS_CODE,DEL_FLAG,DEL_TIME) values (19,4,'1308','承德',null,'承德',null,80,to_timestamp('17-10月-13 02.26.25.000000000 上午','DD-MON-RR HH.MI.SSXFF AM'),10,0,null);
Insert into SYS_CITY (ID,PROVINCE_ID,CITY_NO,CITY_NAME,CITY_SHORT_NAME,CITY_FULL_NAME,CAPITAL_FLAG,SORT_ID,STATUS_CHANGE_TIME,STATUS_CODE,DEL_FLAG,DEL_TIME) values (20,4,'1309','沧州',null,'沧州',null,90,to_timestamp('17-10月-13 02.26.25.000000000 上午','DD-MON-RR HH.MI.SSXFF AM'),10,0,null);
Insert into SYS_CITY (ID,PROVINCE_ID,CITY_NO,CITY_NAME,CITY_SHORT_NAME,CITY_FULL_NAME,CAPITAL_FLAG,SORT_ID,STATUS_CHANGE_TIME,STATUS_CODE,DEL_FLAG,DEL_TIME) values (21,4,'1310','廊坊',null,'廊坊',null,100,to_timestamp('17-10月-13 02.26.25.000000000 上午','DD-MON-RR HH.MI.SSXFF AM'),10,0,null);
Insert into SYS_CITY (ID,PROVINCE_ID,CITY_NO,CITY_NAME,CITY_SHORT_NAME,CITY_FULL_NAME,CAPITAL_FLAG,SORT_ID,STATUS_CHANGE_TIME,STATUS_CODE,DEL_FLAG,DEL_TIME) values (22,4,'1311','衡水',null,'衡水',null,110,to_timestamp('17-10月-13 02.26.25.000000000 上午','DD-MON-RR HH.MI.SSXFF AM'),10,0,null);
Insert into SYS_CITY (ID,PROVINCE_ID,CITY_NO,CITY_NAME,CITY_SHORT_NAME,CITY_FULL_NAME,CAPITAL_FLAG,SORT_ID,STATUS_CHANGE_TIME,STATUS_CODE,DEL_FLAG,DEL_TIME) values (23,19,'4301','长沙',null,'长沙',null,10,to_timestamp('18-4月 -14 01.07.07.000000000 上午','DD-MON-RR HH.MI.SSXFF AM'),10,0,null);
Insert into SYS_CITY (ID,PROVINCE_ID,CITY_NO,CITY_NAME,CITY_SHORT_NAME,CITY_FULL_NAME,CAPITAL_FLAG,SORT_ID,STATUS_CHANGE_TIME,STATUS_CODE,DEL_FLAG,DEL_TIME) values (24,19,'4394','衡阳2',null,'衡阳2',null,190,to_timestamp('18-4月 -14 01.07.07.000000000 上午','DD-MON-RR HH.MI.SSXFF AM'),10,0,null);
Insert into SYS_CITY (ID,PROVINCE_ID,CITY_NO,CITY_NAME,CITY_SHORT_NAME,CITY_FULL_NAME,CAPITAL_FLAG,SORT_ID,STATUS_CHANGE_TIME,STATUS_CODE,DEL_FLAG,DEL_TIME) values (25,19,'4303','湘潭',null,'湘潭',null,30,to_timestamp('18-4月 -14 01.07.07.000000000 上午','DD-MON-RR HH.MI.SSXFF AM'),10,0,null);
Insert into SYS_CITY (ID,PROVINCE_ID,CITY_NO,CITY_NAME,CITY_SHORT_NAME,CITY_FULL_NAME,CAPITAL_FLAG,SORT_ID,STATUS_CHANGE_TIME,STATUS_CODE,DEL_FLAG,DEL_TIME) values (26,19,'4305','邵阳',null,'邵阳',null,50,to_timestamp('18-4月 -14 01.07.07.000000000 上午','DD-MON-RR HH.MI.SSXFF AM'),10,0,null);
Insert into SYS_CITY (ID,PROVINCE_ID,CITY_NO,CITY_NAME,CITY_SHORT_NAME,CITY_FULL_NAME,CAPITAL_FLAG,SORT_ID,STATUS_CHANGE_TIME,STATUS_CODE,DEL_FLAG,DEL_TIME) values (27,19,'4309','益阳',null,'益阳',null,90,to_timestamp('18-4月 -14 01.07.07.000000000 上午','DD-MON-RR HH.MI.SSXFF AM'),10,0,null);
Insert into SYS_CITY (ID,PROVINCE_ID,CITY_NO,CITY_NAME,CITY_SHORT_NAME,CITY_FULL_NAME,CAPITAL_FLAG,SORT_ID,STATUS_CHANGE_TIME,STATUS_CODE,DEL_FLAG,DEL_TIME) values (28,19,'4392','岳阳2',null,'岳阳2',null,170,to_timestamp('18-4月 -14 01.07.07.000000000 上午','DD-MON-RR HH.MI.SSXFF AM'),10,0,null);
Insert into SYS_CITY (ID,PROVINCE_ID,CITY_NO,CITY_NAME,CITY_SHORT_NAME,CITY_FULL_NAME,CAPITAL_FLAG,SORT_ID,STATUS_CHANGE_TIME,STATUS_CODE,DEL_FLAG,DEL_TIME) values (29,19,'4390','长沙2',null,'长沙2',null,150,to_timestamp('18-4月 -14 01.07.07.000000000 上午','DD-MON-RR HH.MI.SSXFF AM'),10,0,null);
Insert into SYS_CITY (ID,PROVINCE_ID,CITY_NO,CITY_NAME,CITY_SHORT_NAME,CITY_FULL_NAME,CAPITAL_FLAG,SORT_ID,STATUS_CHANGE_TIME,STATUS_CODE,DEL_FLAG,DEL_TIME) values (30,19,'4306','岳阳',null,'岳阳',null,60,to_timestamp('18-4月 -14 01.07.07.000000000 上午','DD-MON-RR HH.MI.SSXFF AM'),10,0,null);
Insert into SYS_CITY (ID,PROVINCE_ID,CITY_NO,CITY_NAME,CITY_SHORT_NAME,CITY_FULL_NAME,CAPITAL_FLAG,SORT_ID,STATUS_CHANGE_TIME,STATUS_CODE,DEL_FLAG,DEL_TIME) values (31,19,'4312','怀化',null,'怀化',null,120,to_timestamp('18-4月 -14 01.07.07.000000000 上午','DD-MON-RR HH.MI.SSXFF AM'),10,0,null);
Insert into SYS_CITY (ID,PROVINCE_ID,CITY_NO,CITY_NAME,CITY_SHORT_NAME,CITY_FULL_NAME,CAPITAL_FLAG,SORT_ID,STATUS_CHANGE_TIME,STATUS_CODE,DEL_FLAG,DEL_TIME) values (32,19,'4395','郴州2',null,'郴州2',null,200,to_timestamp('18-4月 -14 01.07.07.000000000 上午','DD-MON-RR HH.MI.SSXFF AM'),10,0,null);
Insert into SYS_CITY (ID,PROVINCE_ID,CITY_NO,CITY_NAME,CITY_SHORT_NAME,CITY_FULL_NAME,CAPITAL_FLAG,SORT_ID,STATUS_CHANGE_TIME,STATUS_CODE,DEL_FLAG,DEL_TIME) values (33,23,'5007','北碚区',null,'北碚区',null,25618,to_timestamp('05-5月 -14 01.50.30.000000000 下午','DD-MON-RR HH.MI.SSXFF AM'),10,0,null);
Insert into SYS_CITY (ID,PROVINCE_ID,CITY_NO,CITY_NAME,CITY_SHORT_NAME,CITY_FULL_NAME,CAPITAL_FLAG,SORT_ID,STATUS_CHANGE_TIME,STATUS_CODE,DEL_FLAG,DEL_TIME) values (34,23,'5012','北部新区',null,'北部新区',null,29018,to_timestamp('05-5月 -14 01.52.29.000000000 下午','DD-MON-RR HH.MI.SSXFF AM'),10,0,null);
Insert into SYS_CITY (ID,PROVINCE_ID,CITY_NO,CITY_NAME,CITY_SHORT_NAME,CITY_FULL_NAME,CAPITAL_FLAG,SORT_ID,STATUS_CHANGE_TIME,STATUS_CODE,DEL_FLAG,DEL_TIME) values (35,23,'5033','南川区',null,'南川区',null,26918,to_timestamp('05-5月 -14 02.00.06.000000000 下午','DD-MON-RR HH.MI.SSXFF AM'),10,0,null);
Insert into SYS_CITY (ID,PROVINCE_ID,CITY_NO,CITY_NAME,CITY_SHORT_NAME,CITY_FULL_NAME,CAPITAL_FLAG,SORT_ID,STATUS_CHANGE_TIME,STATUS_CODE,DEL_FLAG,DEL_TIME) values (36,23,'5028','荣昌区',null,'荣昌区',null,26518,to_timestamp('21-10月-15 01.56.29.000000000 下午','DD-MON-RR HH.MI.SSXFF AM'),10,0,null);
Insert into SYS_CITY (ID,PROVINCE_ID,CITY_NO,CITY_NAME,CITY_SHORT_NAME,CITY_FULL_NAME,CAPITAL_FLAG,SORT_ID,STATUS_CHANGE_TIME,STATUS_CODE,DEL_FLAG,DEL_TIME) values (37,23,'5043','巫山县',null,'巫山县',null,28018,to_timestamp('05-5月 -14 02.04.20.000000000 下午','DD-MON-RR HH.MI.SSXFF AM'),10,0,null);
Insert into SYS_CITY (ID,PROVINCE_ID,CITY_NO,CITY_NAME,CITY_SHORT_NAME,CITY_FULL_NAME,CAPITAL_FLAG,SORT_ID,STATUS_CHANGE_TIME,STATUS_CODE,DEL_FLAG,DEL_TIME) values (38,23,'5052','酉阳县',null,'酉阳县',null,28518,to_timestamp('05-5月 -14 01.47.45.000000000 下午','DD-MON-RR HH.MI.SSXFF AM'),10,0,null);
Insert into SYS_CITY (ID,PROVINCE_ID,CITY_NO,CITY_NAME,CITY_SHORT_NAME,CITY_FULL_NAME,CAPITAL_FLAG,SORT_ID,STATUS_CHANGE_TIME,STATUS_CODE,DEL_FLAG,DEL_TIME) values (39,23,'5003','沙坪坝区',null,'沙坪坝区',null,25218,to_timestamp('05-5月 -14 01.44.41.000000000 下午','DD-MON-RR HH.MI.SSXFF AM'),10,0,null);
Insert into SYS_CITY (ID,PROVINCE_ID,CITY_NO,CITY_NAME,CITY_SHORT_NAME,CITY_FULL_NAME,CAPITAL_FLAG,SORT_ID,STATUS_CHANGE_TIME,STATUS_CODE,DEL_FLAG,DEL_TIME) values (40,23,'5023','江津区',null,'江津区',null,26018,to_timestamp('05-5月 -14 01.54.53.000000000 下午','DD-MON-RR HH.MI.SSXFF AM'),10,0,null);
Insert into SYS_CITY (ID,PROVINCE_ID,CITY_NO,CITY_NAME,CITY_SHORT_NAME,CITY_FULL_NAME,CAPITAL_FLAG,SORT_ID,STATUS_CHANGE_TIME,STATUS_CODE,DEL_FLAG,DEL_TIME) values (41,23,'5025','璧山区',null,'璧山区',null,26118,to_timestamp('09-11月-14 02.00.13.000000000 下午','DD-MON-RR HH.MI.SSXFF AM'),10,0,null);
Insert into SYS_CITY (ID,PROVINCE_ID,CITY_NO,CITY_NAME,CITY_SHORT_NAME,CITY_FULL_NAME,CAPITAL_FLAG,SORT_ID,STATUS_CHANGE_TIME,STATUS_CODE,DEL_FLAG,DEL_TIME) values (42,23,'5035','垫江县',null,'垫江县',null,27118,to_timestamp('05-5月 -14 02.00.58.000000000 下午','DD-MON-RR HH.MI.SSXFF AM'),10,0,null);
Insert into SYS_CITY (ID,PROVINCE_ID,CITY_NO,CITY_NAME,CITY_SHORT_NAME,CITY_FULL_NAME,CAPITAL_FLAG,SORT_ID,STATUS_CHANGE_TIME,STATUS_CODE,DEL_FLAG,DEL_TIME) values (43,23,'5045','巫溪县',null,'巫溪县',null,28118,to_timestamp('05-5月 -14 02.04.42.000000000 下午','DD-MON-RR HH.MI.SSXFF AM'),10,0,null);
Insert into SYS_CITY (ID,PROVINCE_ID,CITY_NO,CITY_NAME,CITY_SHORT_NAME,CITY_FULL_NAME,CAPITAL_FLAG,SORT_ID,STATUS_CHANGE_TIME,STATUS_CODE,DEL_FLAG,DEL_TIME) values (44,23,'5030','綦江区',null,'綦江区',null,26618,to_timestamp('05-5月 -14 01.58.41.000000000 下午','DD-MON-RR HH.MI.SSXFF AM'),10,0,null);
Insert into SYS_CITY (ID,PROVINCE_ID,CITY_NO,CITY_NAME,CITY_SHORT_NAME,CITY_FULL_NAME,CAPITAL_FLAG,SORT_ID,STATUS_CHANGE_TIME,STATUS_CODE,DEL_FLAG,DEL_TIME) values (45,23,'5009','巴南区',null,'巴南区',null,25818,to_timestamp('05-5月 -14 01.51.24.000000000 下午','DD-MON-RR HH.MI.SSXFF AM'),10,0,null);
Insert into SYS_CITY (ID,PROVINCE_ID,CITY_NO,CITY_NAME,CITY_SHORT_NAME,CITY_FULL_NAME,CAPITAL_FLAG,SORT_ID,STATUS_CHANGE_TIME,STATUS_CODE,DEL_FLAG,DEL_TIME) values (46,23,'5034','丰都县',null,'丰都县',null,27018,to_timestamp('05-5月 -14 02.00.34.000000000 下午','DD-MON-RR HH.MI.SSXFF AM'),10,0,null);
Insert into SYS_CITY (ID,PROVINCE_ID,CITY_NO,CITY_NAME,CITY_SHORT_NAME,CITY_FULL_NAME,CAPITAL_FLAG,SORT_ID,STATUS_CHANGE_TIME,STATUS_CODE,DEL_FLAG,DEL_TIME) values (47,23,'5024','合川区',null,'合川区',null,27318,to_timestamp('05-5月 -14 01.55.21.000000000 下午','DD-MON-RR HH.MI.SSXFF AM'),10,0,null);
Insert into SYS_CITY (ID,PROVINCE_ID,CITY_NO,CITY_NAME,CITY_SHORT_NAME,CITY_FULL_NAME,CAPITAL_FLAG,SORT_ID,STATUS_CHANGE_TIME,STATUS_CODE,DEL_FLAG,DEL_TIME) values (48,23,'5010','万盛区',null,'万盛区',null,32918,to_timestamp('05-5月 -14 01.51.57.000000000 下午','DD-MON-RR HH.MI.SSXFF AM'),10,0,null);
Insert into SYS_CITY (ID,PROVINCE_ID,CITY_NO,CITY_NAME,CITY_SHORT_NAME,CITY_FULL_NAME,CAPITAL_FLAG,SORT_ID,STATUS_CHANGE_TIME,STATUS_CODE,DEL_FLAG,DEL_TIME) values (49,23,'5002','江北区',null,'江北区',null,25118,to_timestamp('05-5月 -14 01.44.17.000000000 下午','DD-MON-RR HH.MI.SSXFF AM'),10,0,null);
Insert into SYS_CITY (ID,PROVINCE_ID,CITY_NO,CITY_NAME,CITY_SHORT_NAME,CITY_FULL_NAME,CAPITAL_FLAG,SORT_ID,STATUS_CHANGE_TIME,STATUS_CODE,DEL_FLAG,DEL_TIME) values (50,3,'1208','西青',null,'西青',null,80,to_timestamp('05-2月 -14 09.49.00.000000000 上午','DD-MON-RR HH.MI.SSXFF AM'),10,0,null);
Insert into SYS_CITY (ID,PROVINCE_ID,CITY_NO,CITY_NAME,CITY_SHORT_NAME,CITY_FULL_NAME,CAPITAL_FLAG,SORT_ID,STATUS_CHANGE_TIME,STATUS_CODE,DEL_FLAG,DEL_TIME) values (51,3,'1209','津南',null,'津南',null,90,to_timestamp('05-2月 -14 09.49.00.000000000 上午','DD-MON-RR HH.MI.SSXFF AM'),10,0,null);
Insert into SYS_CITY (ID,PROVINCE_ID,CITY_NO,CITY_NAME,CITY_SHORT_NAME,CITY_FULL_NAME,CAPITAL_FLAG,SORT_ID,STATUS_CHANGE_TIME,STATUS_CODE,DEL_FLAG,DEL_TIME) values (52,3,'1203','河东',null,'河东',null,30,to_timestamp('05-2月 -14 09.49.00.000000000 上午','DD-MON-RR HH.MI.SSXFF AM'),10,0,null);
Insert into SYS_CITY (ID,PROVINCE_ID,CITY_NO,CITY_NAME,CITY_SHORT_NAME,CITY_FULL_NAME,CAPITAL_FLAG,SORT_ID,STATUS_CHANGE_TIME,STATUS_CODE,DEL_FLAG,DEL_TIME) values (53,3,'1206','红桥',null,'红桥',null,60,to_timestamp('05-2月 -14 09.49.00.000000000 上午','DD-MON-RR HH.MI.SSXFF AM'),10,0,null);
Insert into SYS_CITY (ID,PROVINCE_ID,CITY_NO,CITY_NAME,CITY_SHORT_NAME,CITY_FULL_NAME,CAPITAL_FLAG,SORT_ID,STATUS_CHANGE_TIME,STATUS_CODE,DEL_FLAG,DEL_TIME) values (55,3,'1220','市直属',null,null,null,1909,to_timestamp('17-10月-15 02.18.39.000000000 下午','DD-MON-RR HH.MI.SSXFF AM'),10,0,null);
Insert into SYS_CITY (ID,PROVINCE_ID,CITY_NO,CITY_NAME,CITY_SHORT_NAME,CITY_FULL_NAME,CAPITAL_FLAG,SORT_ID,STATUS_CHANGE_TIME,STATUS_CODE,DEL_FLAG,DEL_TIME) values (56,3,'1218','宁河',null,'宁河',null,180,to_timestamp('05-2月 -14 09.49.00.000000000 上午','DD-MON-RR HH.MI.SSXFF AM'),10,0,null);
Insert into SYS_CITY (ID,PROVINCE_ID,CITY_NO,CITY_NAME,CITY_SHORT_NAME,CITY_FULL_NAME,CAPITAL_FLAG,SORT_ID,STATUS_CHANGE_TIME,STATUS_CODE,DEL_FLAG,DEL_TIME) values (57,3,'1213','大港',null,'大港',null,130,to_timestamp('05-2月 -14 09.49.00.000000000 上午','DD-MON-RR HH.MI.SSXFF AM'),10,0,null);
Insert into SYS_CITY (ID,PROVINCE_ID,CITY_NO,CITY_NAME,CITY_SHORT_NAME,CITY_FULL_NAME,CAPITAL_FLAG,SORT_ID,STATUS_CHANGE_TIME,STATUS_CODE,DEL_FLAG,DEL_TIME) values (58,3,'1207','东丽',null,'东丽',null,70,to_timestamp('05-2月 -14 09.49.00.000000000 上午','DD-MON-RR HH.MI.SSXFF AM'),10,0,null);
Insert into SYS_CITY (ID,PROVINCE_ID,CITY_NO,CITY_NAME,CITY_SHORT_NAME,CITY_FULL_NAME,CAPITAL_FLAG,SORT_ID,STATUS_CHANGE_TIME,STATUS_CODE,DEL_FLAG,DEL_TIME) values (59,3,'1204','河西',null,'河西',null,40,to_timestamp('05-2月 -14 09.49.00.000000000 上午','DD-MON-RR HH.MI.SSXFF AM'),10,0,null);
Insert into SYS_CITY (ID,PROVINCE_ID,CITY_NO,CITY_NAME,CITY_SHORT_NAME,CITY_FULL_NAME,CAPITAL_FLAG,SORT_ID,STATUS_CHANGE_TIME,STATUS_CODE,DEL_FLAG,DEL_TIME) values (60,3,'1210','北辰',null,'北辰',null,100,to_timestamp('05-2月 -14 09.49.00.000000000 上午','DD-MON-RR HH.MI.SSXFF AM'),10,0,null);
Insert into SYS_CITY (ID,PROVINCE_ID,CITY_NO,CITY_NAME,CITY_SHORT_NAME,CITY_FULL_NAME,CAPITAL_FLAG,SORT_ID,STATUS_CHANGE_TIME,STATUS_CODE,DEL_FLAG,DEL_TIME) values (61,3,'1202','河北',null,'河北',null,20,to_timestamp('05-2月 -14 09.49.00.000000000 上午','DD-MON-RR HH.MI.SSXFF AM'),10,0,null);
Insert into SYS_CITY (ID,PROVINCE_ID,CITY_NO,CITY_NAME,CITY_SHORT_NAME,CITY_FULL_NAME,CAPITAL_FLAG,SORT_ID,STATUS_CHANGE_TIME,STATUS_CODE,DEL_FLAG,DEL_TIME) values (62,3,'1205','南开',null,'南开',null,50,to_timestamp('05-2月 -14 09.49.00.000000000 上午','DD-MON-RR HH.MI.SSXFF AM'),10,0,null);
Insert into SYS_CITY (ID,PROVINCE_ID,CITY_NO,CITY_NAME,CITY_SHORT_NAME,CITY_FULL_NAME,CAPITAL_FLAG,SORT_ID,STATUS_CHANGE_TIME,STATUS_CODE,DEL_FLAG,DEL_TIME) values (63,3,'1212','汉沽',null,'汉沽',null,120,to_timestamp('05-2月 -14 09.49.00.000000000 上午','DD-MON-RR HH.MI.SSXFF AM'),10,0,null);
Insert into SYS_CITY (ID,PROVINCE_ID,CITY_NO,CITY_NAME,CITY_SHORT_NAME,CITY_FULL_NAME,CAPITAL_FLAG,SORT_ID,STATUS_CHANGE_TIME,STATUS_CODE,DEL_FLAG,DEL_TIME) values (64,3,'1217','静海',null,'静海',null,170,to_timestamp('05-2月 -14 09.49.00.000000000 上午','DD-MON-RR HH.MI.SSXFF AM'),10,0,null);
Insert into SYS_CITY (ID,PROVINCE_ID,CITY_NO,CITY_NAME,CITY_SHORT_NAME,CITY_FULL_NAME,CAPITAL_FLAG,SORT_ID,STATUS_CHANGE_TIME,STATUS_CODE,DEL_FLAG,DEL_TIME) values (65,3,'1214','蓟县',null,'蓟县',null,140,to_timestamp('05-2月 -14 09.49.00.000000000 上午','DD-MON-RR HH.MI.SSXFF AM'),10,0,null);
Insert into SYS_CITY (ID,PROVINCE_ID,CITY_NO,CITY_NAME,CITY_SHORT_NAME,CITY_FULL_NAME,CAPITAL_FLAG,SORT_ID,STATUS_CHANGE_TIME,STATUS_CODE,DEL_FLAG,DEL_TIME) values (66,3,'1211','塘沽',null,'塘沽',null,110,to_timestamp('05-2月 -14 09.49.00.000000000 上午','DD-MON-RR HH.MI.SSXFF AM'),10,0,null);
Insert into SYS_CITY (ID,PROVINCE_ID,CITY_NO,CITY_NAME,CITY_SHORT_NAME,CITY_FULL_NAME,CAPITAL_FLAG,SORT_ID,STATUS_CHANGE_TIME,STATUS_CODE,DEL_FLAG,DEL_TIME) values (67,3,'1215','宝坻',null,'宝坻',null,150,to_timestamp('05-2月 -14 09.49.00.000000000 上午','DD-MON-RR HH.MI.SSXFF AM'),10,0,null);
Insert into SYS_CITY (ID,PROVINCE_ID,CITY_NO,CITY_NAME,CITY_SHORT_NAME,CITY_FULL_NAME,CAPITAL_FLAG,SORT_ID,STATUS_CHANGE_TIME,STATUS_CODE,DEL_FLAG,DEL_TIME) values (68,3,'1216','武清',null,'武清',null,160,to_timestamp('05-2月 -14 09.49.00.000000000 上午','DD-MON-RR HH.MI.SSXFF AM'),10,0,null);
Insert into SYS_CITY (ID,PROVINCE_ID,CITY_NO,CITY_NAME,CITY_SHORT_NAME,CITY_FULL_NAME,CAPITAL_FLAG,SORT_ID,STATUS_CHANGE_TIME,STATUS_CODE,DEL_FLAG,DEL_TIME) values (69,3,'1201','和平',null,'和平',null,10,to_timestamp('05-2月 -14 09.49.00.000000000 上午','DD-MON-RR HH.MI.SSXFF AM'),10,0,null);
Insert into SYS_CITY (ID,PROVINCE_ID,CITY_NO,CITY_NAME,CITY_SHORT_NAME,CITY_FULL_NAME,CAPITAL_FLAG,SORT_ID,STATUS_CHANGE_TIME,STATUS_CODE,DEL_FLAG,DEL_TIME) values (70,5,'1410','临汾市',null,'临汾市',null,824,to_timestamp('19-10月-15 09.19.24.000000000 上午','DD-MON-RR HH.MI.SSXFF AM'),10,0,null);
Insert into SYS_CITY (ID,PROVINCE_ID,CITY_NO,CITY_NAME,CITY_SHORT_NAME,CITY_FULL_NAME,CAPITAL_FLAG,SORT_ID,STATUS_CHANGE_TIME,STATUS_CODE,DEL_FLAG,DEL_TIME) values (71,5,'1405','晋城市',null,'晋城市',null,924,to_timestamp('19-10月-15 09.18.37.000000000 上午','DD-MON-RR HH.MI.SSXFF AM'),10,0,null);
Insert into SYS_CITY (ID,PROVINCE_ID,CITY_NO,CITY_NAME,CITY_SHORT_NAME,CITY_FULL_NAME,CAPITAL_FLAG,SORT_ID,STATUS_CHANGE_TIME,STATUS_CODE,DEL_FLAG,DEL_TIME) values (72,5,'1411','吕梁市',null,'吕梁市',null,624,to_timestamp('19-10月-15 09.19.32.000000000 上午','DD-MON-RR HH.MI.SSXFF AM'),10,0,null);
Insert into SYS_CITY (ID,PROVINCE_ID,CITY_NO,CITY_NAME,CITY_SHORT_NAME,CITY_FULL_NAME,CAPITAL_FLAG,SORT_ID,STATUS_CHANGE_TIME,STATUS_CODE,DEL_FLAG,DEL_TIME) values (73,5,'1408','运城市',null,'运城市',null,1024,to_timestamp('19-10月-15 09.19.00.000000000 上午','DD-MON-RR HH.MI.SSXFF AM'),10,0,null);
Insert into SYS_CITY (ID,PROVINCE_ID,CITY_NO,CITY_NAME,CITY_SHORT_NAME,CITY_FULL_NAME,CAPITAL_FLAG,SORT_ID,STATUS_CHANGE_TIME,STATUS_CODE,DEL_FLAG,DEL_TIME) values (74,5,'1402','大同市',null,'大同市',null,124,to_timestamp('19-10月-15 09.18.12.000000000 上午','DD-MON-RR HH.MI.SSXFF AM'),10,0,null);
Insert into SYS_CITY (ID,PROVINCE_ID,CITY_NO,CITY_NAME,CITY_SHORT_NAME,CITY_FULL_NAME,CAPITAL_FLAG,SORT_ID,STATUS_CHANGE_TIME,STATUS_CODE,DEL_FLAG,DEL_TIME) values (75,5,'1406','朔州市',null,'朔州市',null,224,to_timestamp('19-10月-15 09.18.44.000000000 上午','DD-MON-RR HH.MI.SSXFF AM'),10,0,null);
Insert into SYS_CITY (ID,PROVINCE_ID,CITY_NO,CITY_NAME,CITY_SHORT_NAME,CITY_FULL_NAME,CAPITAL_FLAG,SORT_ID,STATUS_CHANGE_TIME,STATUS_CODE,DEL_FLAG,DEL_TIME) values (76,5,'1407','晋中市',null,'晋中市',null,524,to_timestamp('19-10月-15 09.18.52.000000000 上午','DD-MON-RR HH.MI.SSXFF AM'),10,0,null);
Insert into SYS_CITY (ID,PROVINCE_ID,CITY_NO,CITY_NAME,CITY_SHORT_NAME,CITY_FULL_NAME,CAPITAL_FLAG,SORT_ID,STATUS_CHANGE_TIME,STATUS_CODE,DEL_FLAG,DEL_TIME) values (77,5,'1403','阳泉市',null,'阳泉市',null,424,to_timestamp('19-10月-15 09.18.20.000000000 上午','DD-MON-RR HH.MI.SSXFF AM'),10,0,null);
Insert into SYS_CITY (ID,PROVINCE_ID,CITY_NO,CITY_NAME,CITY_SHORT_NAME,CITY_FULL_NAME,CAPITAL_FLAG,SORT_ID,STATUS_CHANGE_TIME,STATUS_CODE,DEL_FLAG,DEL_TIME) values (78,5,'1409','忻州市',null,'忻州市',null,324,to_timestamp('19-10月-15 09.19.09.000000000 上午','DD-MON-RR HH.MI.SSXFF AM'),10,0,null);
Insert into SYS_CITY (ID,PROVINCE_ID,CITY_NO,CITY_NAME,CITY_SHORT_NAME,CITY_FULL_NAME,CAPITAL_FLAG,SORT_ID,STATUS_CHANGE_TIME,STATUS_CODE,DEL_FLAG,DEL_TIME) values (79,5,'1404','长治市',null,'长治市',null,724,to_timestamp('19-10月-15 09.18.28.000000000 上午','DD-MON-RR HH.MI.SSXFF AM'),10,0,null);
Insert into SYS_CITY (ID,PROVINCE_ID,CITY_NO,CITY_NAME,CITY_SHORT_NAME,CITY_FULL_NAME,CAPITAL_FLAG,SORT_ID,STATUS_CHANGE_TIME,STATUS_CODE,DEL_FLAG,DEL_TIME) values (80,5,'1401','太原市',null,'太原市',null,24,to_timestamp('19-10月-15 09.18.04.000000000 上午','DD-MON-RR HH.MI.SSXFF AM'),10,0,null);
Insert into SYS_CITY (ID,PROVINCE_ID,CITY_NO,CITY_NAME,CITY_SHORT_NAME,CITY_FULL_NAME,CAPITAL_FLAG,SORT_ID,STATUS_CHANGE_TIME,STATUS_CODE,DEL_FLAG,DEL_TIME) values (81,7,'2106','丹东',null,'丹东',null,60,to_timestamp('14-1月 -14 12.48.11.000000000 上午','DD-MON-RR HH.MI.SSXFF AM'),10,0,null);
Insert into SYS_CITY (ID,PROVINCE_ID,CITY_NO,CITY_NAME,CITY_SHORT_NAME,CITY_FULL_NAME,CAPITAL_FLAG,SORT_ID,STATUS_CHANGE_TIME,STATUS_CODE,DEL_FLAG,DEL_TIME) values (82,7,'2105','本溪',null,'本溪',null,50,to_timestamp('14-1月 -14 12.48.11.000000000 上午','DD-MON-RR HH.MI.SSXFF AM'),10,0,null);
Insert into SYS_CITY (ID,PROVINCE_ID,CITY_NO,CITY_NAME,CITY_SHORT_NAME,CITY_FULL_NAME,CAPITAL_FLAG,SORT_ID,STATUS_CHANGE_TIME,STATUS_CODE,DEL_FLAG,DEL_TIME) values (83,7,'2102','大连',null,'大连',null,20,to_timestamp('14-1月 -14 12.48.11.000000000 上午','DD-MON-RR HH.MI.SSXFF AM'),10,0,null);
Insert into SYS_CITY (ID,PROVINCE_ID,CITY_NO,CITY_NAME,CITY_SHORT_NAME,CITY_FULL_NAME,CAPITAL_FLAG,SORT_ID,STATUS_CHANGE_TIME,STATUS_CODE,DEL_FLAG,DEL_TIME) values (84,7,'2114','葫芦岛',null,'葫芦岛',null,140,to_timestamp('14-1月 -14 12.48.11.000000000 上午','DD-MON-RR HH.MI.SSXFF AM'),10,0,null);
Insert into SYS_CITY (ID,PROVINCE_ID,CITY_NO,CITY_NAME,CITY_SHORT_NAME,CITY_FULL_NAME,CAPITAL_FLAG,SORT_ID,STATUS_CHANGE_TIME,STATUS_CODE,DEL_FLAG,DEL_TIME) values (85,7,'2110','辽阳',null,'辽阳',null,100,to_timestamp('14-1月 -14 12.48.11.000000000 上午','DD-MON-RR HH.MI.SSXFF AM'),10,0,null);
Insert into SYS_CITY (ID,PROVINCE_ID,CITY_NO,CITY_NAME,CITY_SHORT_NAME,CITY_FULL_NAME,CAPITAL_FLAG,SORT_ID,STATUS_CHANGE_TIME,STATUS_CODE,DEL_FLAG,DEL_TIME) values (86,7,'2108','营口',null,'营口',null,80,to_timestamp('14-1月 -14 12.48.11.000000000 上午','DD-MON-RR HH.MI.SSXFF AM'),10,0,null);
Insert into SYS_CITY (ID,PROVINCE_ID,CITY_NO,CITY_NAME,CITY_SHORT_NAME,CITY_FULL_NAME,CAPITAL_FLAG,SORT_ID,STATUS_CHANGE_TIME,STATUS_CODE,DEL_FLAG,DEL_TIME) values (87,7,'2118','省直',null,'省直',null,170,to_timestamp('14-1月 -14 12.48.11.000000000 上午','DD-MON-RR HH.MI.SSXFF AM'),10,0,null);
Insert into SYS_CITY (ID,PROVINCE_ID,CITY_NO,CITY_NAME,CITY_SHORT_NAME,CITY_FULL_NAME,CAPITAL_FLAG,SORT_ID,STATUS_CHANGE_TIME,STATUS_CODE,DEL_FLAG,DEL_TIME) values (88,7,'2103','鞍山',null,'鞍山',null,30,to_timestamp('14-1月 -14 12.48.11.000000000 上午','DD-MON-RR HH.MI.SSXFF AM'),10,0,null);
Insert into SYS_CITY (ID,PROVINCE_ID,CITY_NO,CITY_NAME,CITY_SHORT_NAME,CITY_FULL_NAME,CAPITAL_FLAG,SORT_ID,STATUS_CHANGE_TIME,STATUS_CODE,DEL_FLAG,DEL_TIME) values (89,7,'2101','沈阳',null,'沈阳',null,10,to_timestamp('14-1月 -14 12.48.11.000000000 上午','DD-MON-RR HH.MI.SSXFF AM'),10,0,null);
Insert into SYS_CITY (ID,PROVINCE_ID,CITY_NO,CITY_NAME,CITY_SHORT_NAME,CITY_FULL_NAME,CAPITAL_FLAG,SORT_ID,STATUS_CHANGE_TIME,STATUS_CODE,DEL_FLAG,DEL_TIME) values (90,7,'2109','阜新',null,'阜新',null,90,to_timestamp('14-1月 -14 12.48.11.000000000 上午','DD-MON-RR HH.MI.SSXFF AM'),10,0,null);
Insert into SYS_CITY (ID,PROVINCE_ID,CITY_NO,CITY_NAME,CITY_SHORT_NAME,CITY_FULL_NAME,CAPITAL_FLAG,SORT_ID,STATUS_CHANGE_TIME,STATUS_CODE,DEL_FLAG,DEL_TIME) values (91,7,'2112','朝阳',null,'朝阳',null,120,to_timestamp('14-1月 -14 12.48.11.000000000 上午','DD-MON-RR HH.MI.SSXFF AM'),10,0,null);
Insert into SYS_CITY (ID,PROVINCE_ID,CITY_NO,CITY_NAME,CITY_SHORT_NAME,CITY_FULL_NAME,CAPITAL_FLAG,SORT_ID,STATUS_CHANGE_TIME,STATUS_CODE,DEL_FLAG,DEL_TIME) values (92,7,'2113','盘锦',null,'盘锦',null,130,to_timestamp('14-1月 -14 12.48.11.000000000 上午','DD-MON-RR HH.MI.SSXFF AM'),10,0,null);
Insert into SYS_CITY (ID,PROVINCE_ID,CITY_NO,CITY_NAME,CITY_SHORT_NAME,CITY_FULL_NAME,CAPITAL_FLAG,SORT_ID,STATUS_CHANGE_TIME,STATUS_CODE,DEL_FLAG,DEL_TIME) values (93,7,'2111','铁岭',null,'铁岭',null,110,to_timestamp('14-1月 -14 12.48.11.000000000 上午','DD-MON-RR HH.MI.SSXFF AM'),10,0,null);
Insert into SYS_CITY (ID,PROVINCE_ID,CITY_NO,CITY_NAME,CITY_SHORT_NAME,CITY_FULL_NAME,CAPITAL_FLAG,SORT_ID,STATUS_CHANGE_TIME,STATUS_CODE,DEL_FLAG,DEL_TIME) values (94,7,'2107','锦州',null,'锦州',null,70,to_timestamp('14-1月 -14 12.48.11.000000000 上午','DD-MON-RR HH.MI.SSXFF AM'),10,0,null);
Insert into SYS_CITY (ID,PROVINCE_ID,CITY_NO,CITY_NAME,CITY_SHORT_NAME,CITY_FULL_NAME,CAPITAL_FLAG,SORT_ID,STATUS_CHANGE_TIME,STATUS_CODE,DEL_FLAG,DEL_TIME) values (95,7,'2115','昌图',null,'昌图',null,150,to_timestamp('14-1月 -14 12.48.11.000000000 上午','DD-MON-RR HH.MI.SSXFF AM'),10,0,null);
Insert into SYS_CITY (ID,PROVINCE_ID,CITY_NO,CITY_NAME,CITY_SHORT_NAME,CITY_FULL_NAME,CAPITAL_FLAG,SORT_ID,STATUS_CHANGE_TIME,STATUS_CODE,DEL_FLAG,DEL_TIME) values (96,7,'2104','抚顺',null,'抚顺',null,40,to_timestamp('14-1月 -14 12.48.11.000000000 上午','DD-MON-RR HH.MI.SSXFF AM'),10,0,null);
Insert into SYS_CITY (ID,PROVINCE_ID,CITY_NO,CITY_NAME,CITY_SHORT_NAME,CITY_FULL_NAME,CAPITAL_FLAG,SORT_ID,STATUS_CHANGE_TIME,STATUS_CODE,DEL_FLAG,DEL_TIME) values (97,7,'2117','绥中',null,'绥中',null,160,to_timestamp('14-1月 -14 12.48.11.000000000 上午','DD-MON-RR HH.MI.SSXFF AM'),10,0,null);
Insert into SYS_CITY (ID,PROVINCE_ID,CITY_NO,CITY_NAME,CITY_SHORT_NAME,CITY_FULL_NAME,CAPITAL_FLAG,SORT_ID,STATUS_CHANGE_TIME,STATUS_CODE,DEL_FLAG,DEL_TIME) values (98,8,'2217','长白山管委会',null,'长白山管委会',null,1022,to_timestamp('29-10月-15 02.58.27.000000000 下午','DD-MON-RR HH.MI.SSXFF AM'),10,0,null);
Insert into SYS_CITY (ID,PROVINCE_ID,CITY_NO,CITY_NAME,CITY_SHORT_NAME,CITY_FULL_NAME,CAPITAL_FLAG,SORT_ID,STATUS_CHANGE_TIME,STATUS_CODE,DEL_FLAG,DEL_TIME) values (99,8,'2208','白山市',null,'白山市',null,322,to_timestamp('29-10月-15 02.56.59.000000000 下午','DD-MON-RR HH.MI.SSXFF AM'),10,0,null);
Insert into SYS_CITY (ID,PROVINCE_ID,CITY_NO,CITY_NAME,CITY_SHORT_NAME,CITY_FULL_NAME,CAPITAL_FLAG,SORT_ID,STATUS_CHANGE_TIME,STATUS_CODE,DEL_FLAG,DEL_TIME) values (100,8,'2212','通化市',null,'通化市',null,622,to_timestamp('29-10月-15 02.57.39.000000000 下午','DD-MON-RR HH.MI.SSXFF AM'),10,0,null);
Insert into SYS_CITY (ID,PROVINCE_ID,CITY_NO,CITY_NAME,CITY_SHORT_NAME,CITY_FULL_NAME,CAPITAL_FLAG,SORT_ID,STATUS_CHANGE_TIME,STATUS_CODE,DEL_FLAG,DEL_TIME) values (101,8,'2214','辽源市',null,'辽源市',null,822,to_timestamp('29-10月-15 02.57.49.000000000 下午','DD-MON-RR HH.MI.SSXFF AM'),10,0,null);
Insert into SYS_CITY (ID,PROVINCE_ID,CITY_NO,CITY_NAME,CITY_SHORT_NAME,CITY_FULL_NAME,CAPITAL_FLAG,SORT_ID,STATUS_CHANGE_TIME,STATUS_CODE,DEL_FLAG,DEL_TIME) values (102,8,'2207','松原市',null,'松原市',null,222,to_timestamp('29-10月-15 02.56.49.000000000 下午','DD-MON-RR HH.MI.SSXFF AM'),10,0,null);
Insert into SYS_CITY (ID,PROVINCE_ID,CITY_NO,CITY_NAME,CITY_SHORT_NAME,CITY_FULL_NAME,CAPITAL_FLAG,SORT_ID,STATUS_CHANGE_TIME,STATUS_CODE,DEL_FLAG,DEL_TIME) values (103,8,'2211','白城市',null,'白城市',null,522,to_timestamp('29-10月-15 02.57.18.000000000 下午','DD-MON-RR HH.MI.SSXFF AM'),10,0,null);
Insert into SYS_CITY (ID,PROVINCE_ID,CITY_NO,CITY_NAME,CITY_SHORT_NAME,CITY_FULL_NAME,CAPITAL_FLAG,SORT_ID,STATUS_CHANGE_TIME,STATUS_CODE,DEL_FLAG,DEL_TIME) values (104,8,'2228','分中心',null,'分中心',null,722,to_timestamp('28-4月 -17 05.18.16.000000000 上午','DD-MON-RR HH.MI.SSXFF AM'),10,0,null);
Insert into SYS_CITY (ID,PROVINCE_ID,CITY_NO,CITY_NAME,CITY_SHORT_NAME,CITY_FULL_NAME,CAPITAL_FLAG,SORT_ID,STATUS_CHANGE_TIME,STATUS_CODE,DEL_FLAG,DEL_TIME) values (105,8,'2209','四平市',null,'四平市',null,422,to_timestamp('29-10月-15 02.57.08.000000000 下午','DD-MON-RR HH.MI.SSXFF AM'),10,0,null);
Insert into SYS_CITY (ID,PROVINCE_ID,CITY_NO,CITY_NAME,CITY_SHORT_NAME,CITY_FULL_NAME,CAPITAL_FLAG,SORT_ID,STATUS_CHANGE_TIME,STATUS_CODE,DEL_FLAG,DEL_TIME) values (106,8,'2201','长春市',null,'长春市',null,22,to_timestamp('29-10月-15 02.56.20.000000000 下午','DD-MON-RR HH.MI.SSXFF AM'),10,0,null);
Insert into SYS_CITY (ID,PROVINCE_ID,CITY_NO,CITY_NAME,CITY_SHORT_NAME,CITY_FULL_NAME,CAPITAL_FLAG,SORT_ID,STATUS_CHANGE_TIME,STATUS_CODE,DEL_FLAG,DEL_TIME) values (107,8,'2215','延边州',null,'延边州',null,922,to_timestamp('29-10月-15 02.58.07.000000000 下午','DD-MON-RR HH.MI.SSXFF AM'),10,0,null);
Insert into SYS_CITY (ID,PROVINCE_ID,CITY_NO,CITY_NAME,CITY_SHORT_NAME,CITY_FULL_NAME,CAPITAL_FLAG,SORT_ID,STATUS_CHANGE_TIME,STATUS_CODE,DEL_FLAG,DEL_TIME) values (108,8,'2220','梅河口市',null,'梅河口市',null,5022,to_timestamp('29-10月-15 02.58.56.000000000 下午','DD-MON-RR HH.MI.SSXFF AM'),10,0,null);
Insert into SYS_CITY (ID,PROVINCE_ID,CITY_NO,CITY_NAME,CITY_SHORT_NAME,CITY_FULL_NAME,CAPITAL_FLAG,SORT_ID,STATUS_CHANGE_TIME,STATUS_CODE,DEL_FLAG,DEL_TIME) values (109,8,'2218','四平直管',null,'四平直管',null,110,to_timestamp('02-2月 -14 10.50.05.000000000 上午','DD-MON-RR HH.MI.SSXFF AM'),10,0,null);
Insert into SYS_CITY (ID,PROVINCE_ID,CITY_NO,CITY_NAME,CITY_SHORT_NAME,CITY_FULL_NAME,CAPITAL_FLAG,SORT_ID,STATUS_CHANGE_TIME,STATUS_CODE,DEL_FLAG,DEL_TIME) values (110,14,'3503','莆田',null,'莆田',null,30,to_timestamp('21-1月 -14 12.41.52.000000000 上午','DD-MON-RR HH.MI.SSXFF AM'),10,0,null);
Insert into SYS_CITY (ID,PROVINCE_ID,CITY_NO,CITY_NAME,CITY_SHORT_NAME,CITY_FULL_NAME,CAPITAL_FLAG,SORT_ID,STATUS_CHANGE_TIME,STATUS_CODE,DEL_FLAG,DEL_TIME) values (111,14,'3509','宁德',null,'宁德',null,90,to_timestamp('21-1月 -14 12.41.52.000000000 上午','DD-MON-RR HH.MI.SSXFF AM'),10,0,null);
Insert into SYS_CITY (ID,PROVINCE_ID,CITY_NO,CITY_NAME,CITY_SHORT_NAME,CITY_FULL_NAME,CAPITAL_FLAG,SORT_ID,STATUS_CHANGE_TIME,STATUS_CODE,DEL_FLAG,DEL_TIME) values (112,14,'3501','福州',null,'体彩管理中心',null,104,to_timestamp('05-1月 -15 10.58.47.000000000 上午','DD-MON-RR HH.MI.SSXFF AM'),10,0,null);
Insert into SYS_CITY (ID,PROVINCE_ID,CITY_NO,CITY_NAME,CITY_SHORT_NAME,CITY_FULL_NAME,CAPITAL_FLAG,SORT_ID,STATUS_CHANGE_TIME,STATUS_CODE,DEL_FLAG,DEL_TIME) values (113,14,'3505','泉州',null,'泉州',null,50,to_timestamp('21-1月 -14 12.41.52.000000000 上午','DD-MON-RR HH.MI.SSXFF AM'),10,0,null);
Insert into SYS_CITY (ID,PROVINCE_ID,CITY_NO,CITY_NAME,CITY_SHORT_NAME,CITY_FULL_NAME,CAPITAL_FLAG,SORT_ID,STATUS_CHANGE_TIME,STATUS_CODE,DEL_FLAG,DEL_TIME) values (114,14,'3508','龙岩',null,'龙岩',null,80,to_timestamp('21-1月 -14 12.41.52.000000000 上午','DD-MON-RR HH.MI.SSXFF AM'),10,0,null);
Insert into SYS_CITY (ID,PROVINCE_ID,CITY_NO,CITY_NAME,CITY_SHORT_NAME,CITY_FULL_NAME,CAPITAL_FLAG,SORT_ID,STATUS_CHANGE_TIME,STATUS_CODE,DEL_FLAG,DEL_TIME) values (115,14,'3507','南平',null,'南平',null,70,to_timestamp('21-1月 -14 12.41.52.000000000 上午','DD-MON-RR HH.MI.SSXFF AM'),10,0,null);
Insert into SYS_CITY (ID,PROVINCE_ID,CITY_NO,CITY_NAME,CITY_SHORT_NAME,CITY_FULL_NAME,CAPITAL_FLAG,SORT_ID,STATUS_CHANGE_TIME,STATUS_CODE,DEL_FLAG,DEL_TIME) values (116,14,'3502','厦门',null,'厦门',null,20,to_timestamp('21-1月 -14 12.41.52.000000000 上午','DD-MON-RR HH.MI.SSXFF AM'),10,0,null);
Insert into SYS_CITY (ID,PROVINCE_ID,CITY_NO,CITY_NAME,CITY_SHORT_NAME,CITY_FULL_NAME,CAPITAL_FLAG,SORT_ID,STATUS_CHANGE_TIME,STATUS_CODE,DEL_FLAG,DEL_TIME) values (117,14,'3506','漳州',null,'漳州',null,60,to_timestamp('21-1月 -14 12.41.52.000000000 上午','DD-MON-RR HH.MI.SSXFF AM'),10,0,null);
Insert into SYS_CITY (ID,PROVINCE_ID,CITY_NO,CITY_NAME,CITY_SHORT_NAME,CITY_FULL_NAME,CAPITAL_FLAG,SORT_ID,STATUS_CHANGE_TIME,STATUS_CODE,DEL_FLAG,DEL_TIME) values (118,14,'3504','三明',null,'三明',null,40,to_timestamp('21-1月 -14 12.41.52.000000000 上午','DD-MON-RR HH.MI.SSXFF AM'),10,0,null);
Insert into SYS_CITY (ID,PROVINCE_ID,CITY_NO,CITY_NAME,CITY_SHORT_NAME,CITY_FULL_NAME,CAPITAL_FLAG,SORT_ID,STATUS_CHANGE_TIME,STATUS_CODE,DEL_FLAG,DEL_TIME) values (119,17,'4107','新乡',null,'新乡',null,70,to_timestamp('04-2月 -14 09.49.12.000000000 上午','DD-MON-RR HH.MI.SSXFF AM'),10,0,null);
Insert into SYS_CITY (ID,PROVINCE_ID,CITY_NO,CITY_NAME,CITY_SHORT_NAME,CITY_FULL_NAME,CAPITAL_FLAG,SORT_ID,STATUS_CHANGE_TIME,STATUS_CODE,DEL_FLAG,DEL_TIME) values (120,17,'4116','周口',null,'周口',null,160,to_timestamp('04-2月 -14 09.49.12.000000000 上午','DD-MON-RR HH.MI.SSXFF AM'),10,0,null);
Insert into SYS_CITY (ID,PROVINCE_ID,CITY_NO,CITY_NAME,CITY_SHORT_NAME,CITY_FULL_NAME,CAPITAL_FLAG,SORT_ID,STATUS_CHANGE_TIME,STATUS_CODE,DEL_FLAG,DEL_TIME) values (121,17,'4108','焦作',null,'焦作',null,80,to_timestamp('04-2月 -14 09.49.12.000000000 上午','DD-MON-RR HH.MI.SSXFF AM'),10,0,null);
Insert into SYS_CITY (ID,PROVINCE_ID,CITY_NO,CITY_NAME,CITY_SHORT_NAME,CITY_FULL_NAME,CAPITAL_FLAG,SORT_ID,STATUS_CHANGE_TIME,STATUS_CODE,DEL_FLAG,DEL_TIME) values (122,17,'4103','洛阳',null,'洛阳',null,30,to_timestamp('04-2月 -14 09.49.12.000000000 上午','DD-MON-RR HH.MI.SSXFF AM'),10,0,null);
Insert into SYS_CITY (ID,PROVINCE_ID,CITY_NO,CITY_NAME,CITY_SHORT_NAME,CITY_FULL_NAME,CAPITAL_FLAG,SORT_ID,STATUS_CHANGE_TIME,STATUS_CODE,DEL_FLAG,DEL_TIME) values (123,17,'4106','鹤壁',null,'鹤壁',null,60,to_timestamp('04-2月 -14 09.49.12.000000000 上午','DD-MON-RR HH.MI.SSXFF AM'),10,0,null);
Insert into SYS_CITY (ID,PROVINCE_ID,CITY_NO,CITY_NAME,CITY_SHORT_NAME,CITY_FULL_NAME,CAPITAL_FLAG,SORT_ID,STATUS_CHANGE_TIME,STATUS_CODE,DEL_FLAG,DEL_TIME) values (124,17,'4112','三门峡',null,'三门峡',null,120,to_timestamp('04-2月 -14 09.49.12.000000000 上午','DD-MON-RR HH.MI.SSXFF AM'),10,0,null);
Insert into SYS_CITY (ID,PROVINCE_ID,CITY_NO,CITY_NAME,CITY_SHORT_NAME,CITY_FULL_NAME,CAPITAL_FLAG,SORT_ID,STATUS_CHANGE_TIME,STATUS_CODE,DEL_FLAG,DEL_TIME) values (125,17,'4110','许昌',null,'许昌',null,100,to_timestamp('04-2月 -14 09.49.12.000000000 上午','DD-MON-RR HH.MI.SSXFF AM'),10,0,null);
Insert into SYS_CITY (ID,PROVINCE_ID,CITY_NO,CITY_NAME,CITY_SHORT_NAME,CITY_FULL_NAME,CAPITAL_FLAG,SORT_ID,STATUS_CHANGE_TIME,STATUS_CODE,DEL_FLAG,DEL_TIME) values (126,17,'4111','漯河',null,'漯河',null,110,to_timestamp('04-2月 -14 09.49.12.000000000 上午','DD-MON-RR HH.MI.SSXFF AM'),10,0,null);
Insert into SYS_CITY (ID,PROVINCE_ID,CITY_NO,CITY_NAME,CITY_SHORT_NAME,CITY_FULL_NAME,CAPITAL_FLAG,SORT_ID,STATUS_CHANGE_TIME,STATUS_CODE,DEL_FLAG,DEL_TIME) values (127,17,'4113','南阳',null,'南阳',null,130,to_timestamp('04-2月 -14 09.49.12.000000000 上午','DD-MON-RR HH.MI.SSXFF AM'),10,0,null);
Insert into SYS_CITY (ID,PROVINCE_ID,CITY_NO,CITY_NAME,CITY_SHORT_NAME,CITY_FULL_NAME,CAPITAL_FLAG,SORT_ID,STATUS_CHANGE_TIME,STATUS_CODE,DEL_FLAG,DEL_TIME) values (128,17,'4115','信阳',null,'信阳',null,150,to_timestamp('04-2月 -14 09.49.12.000000000 上午','DD-MON-RR HH.MI.SSXFF AM'),10,0,null);
Insert into SYS_CITY (ID,PROVINCE_ID,CITY_NO,CITY_NAME,CITY_SHORT_NAME,CITY_FULL_NAME,CAPITAL_FLAG,SORT_ID,STATUS_CHANGE_TIME,STATUS_CODE,DEL_FLAG,DEL_TIME) values (129,17,'4119','郑州西',null,'郑州西',null,190,to_timestamp('04-2月 -14 09.49.12.000000000 上午','DD-MON-RR HH.MI.SSXFF AM'),10,0,null);
Insert into SYS_CITY (ID,PROVINCE_ID,CITY_NO,CITY_NAME,CITY_SHORT_NAME,CITY_FULL_NAME,CAPITAL_FLAG,SORT_ID,STATUS_CHANGE_TIME,STATUS_CODE,DEL_FLAG,DEL_TIME) values (130,17,'4104','平顶山',null,'平顶山',null,40,to_timestamp('04-2月 -14 09.49.12.000000000 上午','DD-MON-RR HH.MI.SSXFF AM'),10,0,null);
Insert into SYS_CITY (ID,PROVINCE_ID,CITY_NO,CITY_NAME,CITY_SHORT_NAME,CITY_FULL_NAME,CAPITAL_FLAG,SORT_ID,STATUS_CHANGE_TIME,STATUS_CODE,DEL_FLAG,DEL_TIME) values (131,17,'4101','郑州东',null,'郑州东',null,10,to_timestamp('04-2月 -14 09.49.12.000000000 上午','DD-MON-RR HH.MI.SSXFF AM'),10,0,null);
Insert into SYS_CITY (ID,PROVINCE_ID,CITY_NO,CITY_NAME,CITY_SHORT_NAME,CITY_FULL_NAME,CAPITAL_FLAG,SORT_ID,STATUS_CHANGE_TIME,STATUS_CODE,DEL_FLAG,DEL_TIME) values (132,17,'4117','驻马店',null,'驻马店',null,170,to_timestamp('04-2月 -14 09.49.12.000000000 上午','DD-MON-RR HH.MI.SSXFF AM'),10,0,null);
Insert into SYS_CITY (ID,PROVINCE_ID,CITY_NO,CITY_NAME,CITY_SHORT_NAME,CITY_FULL_NAME,CAPITAL_FLAG,SORT_ID,STATUS_CHANGE_TIME,STATUS_CODE,DEL_FLAG,DEL_TIME) values (133,17,'4102','开封',null,'开封',null,20,to_timestamp('04-2月 -14 09.49.12.000000000 上午','DD-MON-RR HH.MI.SSXFF AM'),10,0,null);
Insert into SYS_CITY (ID,PROVINCE_ID,CITY_NO,CITY_NAME,CITY_SHORT_NAME,CITY_FULL_NAME,CAPITAL_FLAG,SORT_ID,STATUS_CHANGE_TIME,STATUS_CODE,DEL_FLAG,DEL_TIME) values (134,17,'4114','商丘',null,'商丘',null,140,to_timestamp('04-2月 -14 09.49.12.000000000 上午','DD-MON-RR HH.MI.SSXFF AM'),10,0,null);
Insert into SYS_CITY (ID,PROVINCE_ID,CITY_NO,CITY_NAME,CITY_SHORT_NAME,CITY_FULL_NAME,CAPITAL_FLAG,SORT_ID,STATUS_CHANGE_TIME,STATUS_CODE,DEL_FLAG,DEL_TIME) values (135,17,'4118','济源',null,'济源',null,180,to_timestamp('04-2月 -14 09.49.12.000000000 上午','DD-MON-RR HH.MI.SSXFF AM'),10,0,null);
Insert into SYS_CITY (ID,PROVINCE_ID,CITY_NO,CITY_NAME,CITY_SHORT_NAME,CITY_FULL_NAME,CAPITAL_FLAG,SORT_ID,STATUS_CHANGE_TIME,STATUS_CODE,DEL_FLAG,DEL_TIME) values (136,21,'4513','崇左',null,'崇左',null,130,to_timestamp('02-2月 -14 10.32.24.000000000 上午','DD-MON-RR HH.MI.SSXFF AM'),10,0,null);
Insert into SYS_CITY (ID,PROVINCE_ID,CITY_NO,CITY_NAME,CITY_SHORT_NAME,CITY_FULL_NAME,CAPITAL_FLAG,SORT_ID,STATUS_CHANGE_TIME,STATUS_CODE,DEL_FLAG,DEL_TIME) values (137,21,'4516','贺州',null,'贺州',null,140,to_timestamp('02-2月 -14 10.32.24.000000000 上午','DD-MON-RR HH.MI.SSXFF AM'),10,0,null);
Insert into SYS_CITY (ID,PROVINCE_ID,CITY_NO,CITY_NAME,CITY_SHORT_NAME,CITY_FULL_NAME,CAPITAL_FLAG,SORT_ID,STATUS_CHANGE_TIME,STATUS_CODE,DEL_FLAG,DEL_TIME) values (138,21,'4517','来宾',null,'来宾',null,150,to_timestamp('02-2月 -14 10.32.24.000000000 上午','DD-MON-RR HH.MI.SSXFF AM'),10,0,null);
Insert into SYS_CITY (ID,PROVINCE_ID,CITY_NO,CITY_NAME,CITY_SHORT_NAME,CITY_FULL_NAME,CAPITAL_FLAG,SORT_ID,STATUS_CHANGE_TIME,STATUS_CODE,DEL_FLAG,DEL_TIME) values (139,21,'4503','桂林',null,'桂林',null,30,to_timestamp('02-2月 -14 10.32.24.000000000 上午','DD-MON-RR HH.MI.SSXFF AM'),10,0,null);

--4、初始化游戏表
Insert into SYS_GAME (GAME_NO,GAME_NAME,GAME_SHORT_NAME,ID,PROVINCE_ID) values ('04','七星彩','七星彩',87,16);
Insert into SYS_GAME (GAME_NO,GAME_NAME,GAME_SHORT_NAME,ID,PROVINCE_ID) values ('04','七星彩','七星彩',149,1);
Insert into SYS_GAME (GAME_NO,GAME_NAME,GAME_SHORT_NAME,ID,PROVINCE_ID) values ('85','超级大乐透','超级大乐透',374,1);
Insert into SYS_GAME (GAME_NO,GAME_NAME,GAME_SHORT_NAME,ID,PROVINCE_ID) values ('85','超级大乐透','超级大乐透',429,16);

--4、初始化组织表
Insert into SYS_ORGANIZATION (ID,NAME,PARENT_ID,PARENT_IDS,IS_SHOW,HAS_CHILDREN,WEIGHT) values (1,'国家中心',0,'0/',1,0,1);

--5、初始化资源类型表
Insert into SYS_RESOURCE_TYPE (ID,CODE,NAME) values (1,'10','菜单');
Insert into SYS_RESOURCE_TYPE (ID,CODE,NAME) values (2,'20','按钮');
Insert into SYS_RESOURCE_TYPE (ID,CODE,NAME) values (3,'30','链接');
Insert into SYS_RESOURCE_TYPE (ID,CODE,NAME) values (4,'40','api');

--6、初始化资源表
Insert into SYS_RESOURCE (ID,NAME,IDENTIFIER,URL,PARENT_ID,PARENT_IDS,WEIGHT,HAS_CHILDREN,IS_SHOW,ICON,RESOURCE_TYPE_ID) values (1,'全部资源','allResource',null,0,'0/',1,1,null,null,null);
Insert into SYS_RESOURCE (ID,NAME,IDENTIFIER,URL,PARENT_ID,PARENT_IDS,WEIGHT,HAS_CHILDREN,IS_SHOW,ICON,RESOURCE_TYPE_ID) values (2,'首页','home','/',1,'0/1/',1,0,null,'fa fa-home fa-fw',1);
Insert into SYS_RESOURCE (ID,NAME,IDENTIFIER,URL,PARENT_ID,PARENT_IDS,WEIGHT,HAS_CHILDREN,IS_SHOW,ICON,RESOURCE_TYPE_ID) values (3,'用户管理','userManage','/user',1,'0/1/',2,0,null,'fa fa-users fa-fw',1);
Insert into SYS_RESOURCE (ID,NAME,IDENTIFIER,URL,PARENT_ID,PARENT_IDS,WEIGHT,HAS_CHILDREN,IS_SHOW,ICON,RESOURCE_TYPE_ID) values (4,'新增用户','addUser','/user/addUser',3,'0/1/3/',0,0,null,null,2);
Insert into SYS_RESOURCE (ID,NAME,IDENTIFIER,URL,PARENT_ID,PARENT_IDS,WEIGHT,HAS_CHILDREN,IS_SHOW,ICON,RESOURCE_TYPE_ID) values (5,'查询用户列表','searchUserApi','/api/user/search',3,'0/1/3/',0,0,null,null,4);
Insert into SYS_RESOURCE (ID,NAME,IDENTIFIER,URL,PARENT_ID,PARENT_IDS,WEIGHT,HAS_CHILDREN,IS_SHOW,ICON,RESOURCE_TYPE_ID) values (6,'查询省下属的城市列表','commonGetProvinceCityList','/api/common/city/getProvinceCityList/*',14,'0/1/14/',0,0,null,null,4);
Insert into SYS_RESOURCE (ID,NAME,IDENTIFIER,URL,PARENT_ID,PARENT_IDS,WEIGHT,HAS_CHILDREN,IS_SHOW,ICON,RESOURCE_TYPE_ID) values (7,'修改用户','modifyUser','/user/modifyUser',3,'0/1/3/',0,0,null,null,3);
Insert into SYS_RESOURCE (ID,NAME,IDENTIFIER,URL,PARENT_ID,PARENT_IDS,WEIGHT,HAS_CHILDREN,IS_SHOW,ICON,RESOURCE_TYPE_ID) values (8,'删除用户','deleteUser','/user/deleteUser',3,'0/1/3/',0,0,null,null,2);
Insert into SYS_RESOURCE (ID,NAME,IDENTIFIER,URL,PARENT_ID,PARENT_IDS,WEIGHT,HAS_CHILDREN,IS_SHOW,ICON,RESOURCE_TYPE_ID) values (9,'启用用户','enableUser','/user/enableUser',3,'0/1/3/',0,0,null,null,2);
Insert into SYS_RESOURCE (ID,NAME,IDENTIFIER,URL,PARENT_ID,PARENT_IDS,WEIGHT,HAS_CHILDREN,IS_SHOW,ICON,RESOURCE_TYPE_ID) values (10,'停用用户','disableUser','/user/disableUser',3,'0/1/3/',0,0,null,null,2);
Insert into SYS_RESOURCE (ID,NAME,IDENTIFIER,URL,PARENT_ID,PARENT_IDS,WEIGHT,HAS_CHILDREN,IS_SHOW,ICON,RESOURCE_TYPE_ID) values (11,'分配角色','assignRoles','/user/assignRoles',3,'0/1/3/',0,0,null,null,3);
Insert into SYS_RESOURCE (ID,NAME,IDENTIFIER,URL,PARENT_ID,PARENT_IDS,WEIGHT,HAS_CHILDREN,IS_SHOW,ICON,RESOURCE_TYPE_ID) values (12,'报表查询','reportQuery','#',1,'0/1/',3,1,null,'fa fa-search fa-fw',1);
Insert into SYS_RESOURCE (ID,NAME,IDENTIFIER,URL,PARENT_ID,PARENT_IDS,WEIGHT,HAS_CHILDREN,IS_SHOW,ICON,RESOURCE_TYPE_ID) values (13,'时段销量查询','periodSalesReport','/reports/periodSalesReport',12,'0/1/12/',1,0,null,'fa fa-search fa-fw',1);
Insert into SYS_RESOURCE (ID,NAME,IDENTIFIER,URL,PARENT_ID,PARENT_IDS,WEIGHT,HAS_CHILDREN,IS_SHOW,ICON,RESOURCE_TYPE_ID) values (14,'全部公共API','allApi',null,1,'0/1/',0,1,null,null,null);
Insert into SYS_RESOURCE (ID,NAME,IDENTIFIER,URL,PARENT_ID,PARENT_IDS,WEIGHT,HAS_CHILDREN,IS_SHOW,ICON,RESOURCE_TYPE_ID) values (15,'查询时段销量报表','searchPeriodSalesReportApi','/api/reports/periodSalesReport/search',13,'0/1/12/13',0,0,null,null,4);
Insert into SYS_RESOURCE (ID,NAME,IDENTIFIER,URL,PARENT_ID,PARENT_IDS,WEIGHT,HAS_CHILDREN,IS_SHOW,ICON,RESOURCE_TYPE_ID) values (16,'导出pdf格式的时段销量报表','exportPdfPeriodSaleReport','/reports/periodSalesReport/exportFile',13,'0/1/12/13',1,0,null,null,2);
Insert into SYS_RESOURCE (ID,NAME,IDENTIFIER,URL,PARENT_ID,PARENT_IDS,WEIGHT,HAS_CHILDREN,IS_SHOW,ICON,RESOURCE_TYPE_ID) values (17,'导出excel格式的时段销量报表','exportExcelPeriodSaleReport','/reports/periodSalesReport/exportFile',13,'0/1/12/13',22,0,null,null,2);
Insert into SYS_RESOURCE (ID,NAME,IDENTIFIER,URL,PARENT_ID,PARENT_IDS,WEIGHT,HAS_CHILDREN,IS_SHOW,ICON,RESOURCE_TYPE_ID) values (18,'修改密码','modifyPwd','/user/modifyPwd',3,'0/1/3/',0,0,null,null,3);

--7、初始化角色表
Insert into SYS_ROLE (ID,NAME,DESCRIPTION,IS_SHOW) values (2,'普通用户角色',null,1);
Insert into SYS_ROLE (ID,NAME,DESCRIPTION,IS_SHOW) values (1,'超级管理员','拥有所有权限',1);

--8、初始化角色资源表
Insert into SYS_ROLE_RESOURCE (ID,ROLE_ID,RESOURCE_ID) values (1,1,2);
Insert into SYS_ROLE_RESOURCE (ID,ROLE_ID,RESOURCE_ID) values (16,1,3);
Insert into SYS_ROLE_RESOURCE (ID,ROLE_ID,RESOURCE_ID) values (3,1,5);
Insert into SYS_ROLE_RESOURCE (ID,ROLE_ID,RESOURCE_ID) values (4,1,6);
Insert into SYS_ROLE_RESOURCE (ID,ROLE_ID,RESOURCE_ID) values (5,1,7);
Insert into SYS_ROLE_RESOURCE (ID,ROLE_ID,RESOURCE_ID) values (6,1,8);
Insert into SYS_ROLE_RESOURCE (ID,ROLE_ID,RESOURCE_ID) values (7,1,9);
Insert into SYS_ROLE_RESOURCE (ID,ROLE_ID,RESOURCE_ID) values (8,1,10);
Insert into SYS_ROLE_RESOURCE (ID,ROLE_ID,RESOURCE_ID) values (9,1,11);
Insert into SYS_ROLE_RESOURCE (ID,ROLE_ID,RESOURCE_ID) values (10,1,12);
Insert into SYS_ROLE_RESOURCE (ID,ROLE_ID,RESOURCE_ID) values (11,1,4);
Insert into SYS_ROLE_RESOURCE (ID,ROLE_ID,RESOURCE_ID) values (12,1,13);
Insert into SYS_ROLE_RESOURCE (ID,ROLE_ID,RESOURCE_ID) values (13,1,15);
Insert into SYS_ROLE_RESOURCE (ID,ROLE_ID,RESOURCE_ID) values (14,1,16);
Insert into SYS_ROLE_RESOURCE (ID,ROLE_ID,RESOURCE_ID) values (15,1,17);
Insert into SYS_ROLE_RESOURCE (ID,ROLE_ID,RESOURCE_ID) values (2,1,18);
Insert into SYS_ROLE_RESOURCE (ID,ROLE_ID,RESOURCE_ID) values (17,2,2);
Insert into SYS_ROLE_RESOURCE (ID,ROLE_ID,RESOURCE_ID) values (18,2,12);
Insert into SYS_ROLE_RESOURCE (ID,ROLE_ID,RESOURCE_ID) values (19,2,13);
Insert into SYS_ROLE_RESOURCE (ID,ROLE_ID,RESOURCE_ID) values (20,2,15);
Insert into SYS_ROLE_RESOURCE (ID,ROLE_ID,RESOURCE_ID) values (21,2,16);
Insert into SYS_ROLE_RESOURCE (ID,ROLE_ID,RESOURCE_ID) values (22,2,17);

--9、初始化用户状态表
Insert into SYS_USER_STATE (ID,CODE,NAME) values (1,'10','启用');
Insert into SYS_USER_STATE (ID,CODE,NAME) values (2,'20','停用');
Insert into SYS_USER_STATE (ID,CODE,NAME) values (3,'30','新建');
Insert into SYS_USER_STATE (ID,CODE,NAME) values (4,'40','删除');

--10、初始化渠道品牌表
Insert into SYS_CHANNEL_BRAND (ID,CHANNEL_BRAND_NO,CHANNEL_BRAND_NAME) values (1,'370301','青岛迷你岛');
Insert into SYS_CHANNEL_BRAND (ID,CHANNEL_BRAND_NO,CHANNEL_BRAND_NAME) values (2,'370302','青岛可好');
Insert into SYS_CHANNEL_BRAND (ID,CHANNEL_BRAND_NO,CHANNEL_BRAND_NAME) values (3,'370303','青岛友客');
Insert into SYS_CHANNEL_BRAND (ID,CHANNEL_BRAND_NO,CHANNEL_BRAND_NAME) values (4,'370101','济南孟鑫');
Insert into SYS_CHANNEL_BRAND (ID,CHANNEL_BRAND_NO,CHANNEL_BRAND_NAME) values (6,'370102','济南倍全');
Insert into SYS_CHANNEL_BRAND (ID,CHANNEL_BRAND_NO,CHANNEL_BRAND_NAME) values (7,'370103','济南华联生鲜');

--11、初始化用户表
Insert into SYS_USER (ID,USER_NAME,DESCRIPTION,MOBILE_PHONE_NUMBER,PASSWORD,CREATE_DATE,USER_FULL_NAME,CREDENTIAL_TYPE_ID,CITY_ID,UMP_USER_ID,EMAIL,CREDENTIAL_NO,PROVINCE_ID,USER_STATE_ID,LAST_OPER_DATE,CHANNEL_BRAND_ID) values (1,'admin',null,'13911111111','$2a$10$Wpr5I/QyAYltjnwzYXRpd.dSo/bIEQKce5YWvJ6MQhaRZ7IlqYbim',null,'超级用户管理员',1,null,null,null,'150202198201120950',1,1,to_timestamp('18-5月 -17 04.44.49.374000000 下午','DD-MON-RR HH.MI.SSXFF AM'),null);

--12、初始化用户组织表
Insert into SYS_USER_ORGANIZATION (ID,ORGANIZATION_ID,USER_ID) values (1,1,1);

--13、初始化授权表
Insert into SYS_AUTHORITY (ID,ORGANIZATION_ID,ROLE_ID,USER_ID) values (1,null,1,1);

commit;